inventory_id,onhand,cost_per_unit,amount,start_date
17_1001,28,5.99,168,2016-01-01
17_10058,18,14.99,270,2016-01-01
17_1023,12,51.99,624,2016-01-01
17_1024,11,31.99,352,2016-01-01
17_10266,3,15.99,48,2016-01-01
17_10296,6,15.99,96,2016-01-01
17_10298,15,9.99,150,2016-01-01
17_10420,11,4.99,55,2016-01-01
17_10421,8,10.99,88,2016-01-01
17_10472,26,8.99,234,2016-01-01
17_1060,10,27.99,280,2016-01-01
17_1064,6,26.99,162,2016-01-01
17_10723,18,8.99,162,2016-01-01
17_10727,10,7.95,80,2016-01-01
17_10957,11,8.99,99,2016-01-01
17_11067,24,11.95,287,2016-01-01
17_11141,7,9.99,70,2016-01-01
17_11213,23,18.99,437,2016-01-01
17_11414,5,5.99,30,2016-01-01
17_11440,5,14.99,75,2016-01-01
17_11957,8,14.99,120,2016-01-01
17_11970,11,14.99,165,2016-01-01
17_12123,2,4.99,10,2016-01-01
17_12147,4,8.99,36,2016-01-01
17_12154,5,16.99,85,2016-01-01
17_1220,2,29.99,60,2016-01-01
17_12213,11,8.99,99,2016-01-01
17_12216,8,9.99,80,2016-01-01
17_12220,19,9.99,190,2016-01-01
17_1231,11,12.99,143,2016-01-01
17_1232,13,26.99,351,2016-01-01
17_1233,30,35.99,1080,2016-01-01
17_1237,8,44.99,360,2016-01-01
17_1239,2,50.99,102,2016-01-01
17_1244,4,15.99,64,2016-01-01
17_1258,3,22.99,69,2016-01-01
17_12586,10,10.99,110,2016-01-01
17_1273,3,31.99,96,2016-01-01
17_12747,10,4.99,50,2016-01-01
17_12771,4,12.99,52,2016-01-01
17_1278,3,35.99,108,2016-01-01
17_13144,19,12.99,247,2016-01-01
17_13163,11,7.99,88,2016-01-01
17_1323,9,17.99,162,2016-01-01
17_13278,3,34.99,105,2016-01-01
17_1336,7,26.99,189,2016-01-01
17_1345,4,37.99,152,2016-01-01
17_1346,1,29.99,30,2016-01-01
17_1358,3,61.99,186,2016-01-01
17_1359,1,27.99,28,2016-01-01
17_1365,26,7.99,208,2016-01-01
17_13708,3,17.99,54,2016-01-01
17_1373,5,13.99,70,2016-01-01
17_1375,16,16.49,264,2016-01-01
17_1376,54,21.99,1187,2016-01-01
17_1378,20,9.49,190,2016-01-01
17_1379,6,16.49,99,2016-01-01
17_1380,13,46.99,611,2016-01-01
17_1382,1,39.99,40,2016-01-01
17_13836,7,20.99,147,2016-01-01
17_1384,15,27.99,420,2016-01-01
17_1385,8,26.99,216,2016-01-01
17_1386,4,19.99,80,2016-01-01
17_1388,8,24.99,200,2016-01-01
17_1389,56,2.99,167,2016-01-01
17_1394,11,16.49,181,2016-01-01
17_13940,5,18.99,95,2016-01-01
17_1395,8,7.99,64,2016-01-01
17_1396,7,15.99,112,2016-01-01
17_1397,5,13.99,70,2016-01-01
17_14006,53,9.99,529,2016-01-01
17_14078,5,17.99,90,2016-01-01
17_1415,9,12.99,117,2016-01-01
17_1424,5,12.99,65,2016-01-01
17_14439,3,4.99,15,2016-01-01
17_14622,12,12.99,156,2016-01-01
17_1465,7,17.99,126,2016-01-01
17_1468,3,41.99,126,2016-01-01
17_1474,11,25.99,286,2016-01-01
17_15105,21,9.95,209,2016-01-01
17_1520,13,3.99,52,2016-01-01
17_15229,16,39.95,639,2016-01-01
17_1545,5,26.99,135,2016-01-01
17_1550,21,3.99,84,2016-01-01
17_15892,12,4.99,60,2016-01-01
17_1623,8,12.99,104,2016-01-01
17_16260,8,11.99,96,2016-01-01
17_16262,3,11.99,36,2016-01-01
17_16289,15,7.99,120,2016-01-01
17_16326,2,3.99,8,2016-01-01
17_16328,13,3.99,52,2016-01-01
17_16669,7,12.99,91,2016-01-01
17_16806,18,9.99,180,2016-01-01
17_16837,4,5.99,24,2016-01-01
17_16843,11,4.99,55,2016-01-01
17_17175,10,7.99,80,2016-01-01
17_17176,17,7.99,136,2016-01-01
17_17177,11,7.99,88,2016-01-01
17_1737,13,48.99,637,2016-01-01
17_1770,9,36.99,333,2016-01-01
17_17748,11,3.99,44,2016-01-01
17_17814,6,34.99,210,2016-01-01
17_17865,18,11.99,216,2016-01-01
17_1789,6,25.99,156,2016-01-01
17_17967,16,15.99,256,2016-01-01
17_18027,3,13.99,42,2016-01-01
17_18152,10,10.99,110,2016-01-01
17_18347,10,16.99,170,2016-01-01
17_1868,3,69.99,210,2016-01-01
17_1869,2,57.99,116,2016-01-01
17_18812,10,12.49,125,2016-01-01
17_18817,5,12.99,65,2016-01-01
17_1883,14,17.99,252,2016-01-01
17_18856,13,5.99,78,2016-01-01
17_18857,9,5.99,54,2016-01-01
17_1886,8,10.99,88,2016-01-01
17_18860,7,5.99,42,2016-01-01
17_18893,5,9.99,50,2016-01-01
17_1892,48,0.99,48,2016-01-01
17_19270,23,24.99,575,2016-01-01
17_19376,6,17.99,108,2016-01-01
17_1955,11,12.99,143,2016-01-01
17_1962,7,13.99,98,2016-01-01
17_19748,16,15.99,256,2016-01-01
17_19848,38,9.99,380,2016-01-01
17_2015,6,26.99,162,2016-01-01
17_2026,6,18.99,114,2016-01-01
17_20357,11,9.99,110,2016-01-01
17_20395,12,9.99,120,2016-01-01
17_20398,10,8.99,90,2016-01-01
17_2062,7,59.99,420,2016-01-01
17_20791,14,7.99,112,2016-01-01
17_2085,7,13.99,98,2016-01-01
17_2100,6,9.99,60,2016-01-01
17_21019,5,18.99,95,2016-01-01
17_2105,11,9.99,110,2016-01-01
17_2114,53,12.99,688,2016-01-01
17_2117,10,8.99,90,2016-01-01
17_2120,39,15.99,624,2016-01-01
17_2122,12,10.99,132,2016-01-01
17_2143,36,13.99,504,2016-01-01
17_2152,8,9.99,80,2016-01-01
17_2155,6,37.99,228,2016-01-01
17_2164,27,16.99,459,2016-01-01
17_2183,9,18.99,171,2016-01-01
17_21951,10,12.99,130,2016-01-01
17_21985,18,9.95,179,2016-01-01
17_22079,11,9.99,110,2016-01-01
17_22143,3,18.99,57,2016-01-01
17_2237,3,56.99,171,2016-01-01
17_2280,6,36.99,222,2016-01-01
17_2287,6,39.99,240,2016-01-01
17_22899,3,14.99,45,2016-01-01
17_2290,6,23.99,144,2016-01-01
17_23230,12,13.99,168,2016-01-01
17_23406,5,17.99,90,2016-01-01
17_23712,10,11.99,120,2016-01-01
17_2373,6,13.99,84,2016-01-01
17_23764,9,7.99,72,2016-01-01
17_24094,7,6.99,49,2016-01-01
17_2418,5,21.99,110,2016-01-01
17_24188,22,15.99,352,2016-01-01
17_2432,59,21.99,1297,2016-01-01
17_24325,13,15.99,208,2016-01-01
17_24327,16,19.99,320,2016-01-01
17_2435,2,40.99,82,2016-01-01
17_2436,16,14.99,240,2016-01-01
17_2443,20,20.99,420,2016-01-01
17_2445,7,11.99,84,2016-01-01
17_24455,12,16.98,204,2016-01-01
17_24456,12,11.98,144,2016-01-01
17_24592,30,6.99,210,2016-01-01
17_24612,17,13.99,238,2016-01-01
17_2465,57,2.99,170,2016-01-01
17_2466,8,46.99,376,2016-01-01
17_2494,12,46.99,564,2016-01-01
17_2496,8,52.99,424,2016-01-01
17_2499,2,27.99,56,2016-01-01
17_2508,23,1.99,46,2016-01-01
17_25269,19,7.99,152,2016-01-01
17_2531,4,65.99,264,2016-01-01
17_254,18,10.99,198,2016-01-01
17_26092,8,7.99,64,2016-01-01
17_26143,14,7.99,112,2016-01-01
17_26250,9,20.99,189,2016-01-01
17_26285,3,69.99,210,2016-01-01
17_26392,12,7.99,96,2016-01-01
17_26456,48,8.99,432,2016-01-01
17_26463,11,7.99,88,2016-01-01
17_26551,2,21.99,44,2016-01-01
17_2675,4,44.99,180,2016-01-01
17_26817,5,8.99,45,2016-01-01
17_2690,6,9.99,60,2016-01-01
17_2692,7,34.99,245,2016-01-01
17_26945,17,12.99,221,2016-01-01
17_26948,12,19.99,240,2016-01-01
17_26949,16,22.99,368,2016-01-01
17_2696,3,33.99,102,2016-01-01
17_2704,5,0.99,5,2016-01-01
17_27042,12,9.99,120,2016-01-01
17_27145,7,8.99,63,2016-01-01
17_2722,9,21.99,198,2016-01-01
17_2723,8,29.99,240,2016-01-01
17_273,16,21.99,352,2016-01-01
17_27361,7,10.99,77,2016-01-01
17_27461,12,8.99,108,2016-01-01
17_2752,9,34.99,315,2016-01-01
17_2753,7,61.99,434,2016-01-01
17_2755,10,24.99,250,2016-01-01
17_2757,31,29.99,930,2016-01-01
17_2760,6,36.99,222,2016-01-01
17_2767,2,189.99,380,2016-01-01
17_2769,6,52.99,318,2016-01-01
17_2772,4,59.99,240,2016-01-01
17_27831,17,10.99,187,2016-01-01
17_27835,4,15.99,64,2016-01-01
17_27854,16,16.99,272,2016-01-01
17_27867,34,6.99,238,2016-01-01
17_2788,4,39.99,160,2016-01-01
17_2792,2,0.99,2,2016-01-01
17_2795,10,23.99,240,2016-01-01
17_28147,9,10.99,99,2016-01-01
17_28260,8,7.99,64,2016-01-01
17_28272,12,4.49,54,2016-01-01
17_2834,9,16.49,148,2016-01-01
17_2854,11,54.99,605,2016-01-01
17_2856,2,55.99,112,2016-01-01
17_28579,24,7.99,192,2016-01-01
17_28658,12,7.99,96,2016-01-01
17_28681,16,9.99,160,2016-01-01
17_28889,2,15.49,31,2016-01-01
17_28890,7,14.99,105,2016-01-01
17_2890,3,27.99,84,2016-01-01
17_2894,8,17.99,144,2016-01-01
17_28947,14,8.99,126,2016-01-01
17_2898,11,7.99,88,2016-01-01
17_29128,6,5.99,36,2016-01-01
17_29212,19,7.99,152,2016-01-01
17_29248,23,9.99,230,2016-01-01
17_29477,10,7.99,80,2016-01-01
17_2958,5,57.99,290,2016-01-01
17_2975,4,14.99,60,2016-01-01
17_2979,3,44.99,135,2016-01-01
17_29996,6,16.99,102,2016-01-01
17_3012,91,0.99,90,2016-01-01
17_3020,22,9.99,220,2016-01-01
17_3025,7,15.49,108,2016-01-01
17_3038,6,8.99,54,2016-01-01
17_3042,1,15.49,15,2016-01-01
17_3045,4,10.99,44,2016-01-01
17_3054,10,10.99,110,2016-01-01
17_30602,12,11.99,144,2016-01-01
17_3072,2,24.99,50,2016-01-01
17_30735,6,31.99,192,2016-01-01
17_31201,11,8.99,99,2016-01-01
17_31202,16,8.99,144,2016-01-01
17_3123,9,14.99,135,2016-01-01
17_31231,14,9.99,140,2016-01-01
17_3133,7,10.99,77,2016-01-01
17_3147,17,0.99,17,2016-01-01
17_31487,6,7.99,48,2016-01-01
17_31488,14,4.99,70,2016-01-01
17_31489,13,10.99,143,2016-01-01
17_31493,6,4.99,30,2016-01-01
17_31494,17,10.99,187,2016-01-01
17_3150,10,10.99,110,2016-01-01
17_31500,9,4.99,45,2016-01-01
17_31501,10,10.99,110,2016-01-01
17_3154,10,9.99,100,2016-01-01
17_3158,8,16.99,136,2016-01-01
17_3161,6,8.99,54,2016-01-01
17_3180,25,16.99,425,2016-01-01
17_31866,14,14.99,210,2016-01-01
17_31909,8,19.99,160,2016-01-01
17_31915,10,12.99,130,2016-01-01
17_32054,15,11.99,180,2016-01-01
17_32084,15,27.99,420,2016-01-01
17_3209,6,19.99,120,2016-01-01
17_3221,12,9.99,120,2016-01-01
17_3231,3,9.99,30,2016-01-01
17_3253,31,11.99,372,2016-01-01
17_3257,17,6.99,119,2016-01-01
17_32648,32,7.99,256,2016-01-01
17_32649,18,9.99,180,2016-01-01
17_32650,13,8.99,117,2016-01-01
17_32675,11,7.99,88,2016-01-01
17_3272,8,17.99,144,2016-01-01
17_3276,19,14.99,285,2016-01-01
17_3278,15,7.99,120,2016-01-01
17_3286,13,47.99,624,2016-01-01
17_32906,13,10.99,143,2016-01-01
17_32907,29,8.99,261,2016-01-01
17_32908,6,10.99,66,2016-01-01
17_32915,15,14.99,225,2016-01-01
17_32968,5,13.99,70,2016-01-01
17_32969,8,13.99,112,2016-01-01
17_32988,11,4.99,55,2016-01-01
17_32989,14,10.99,154,2016-01-01
17_33037,2,18.99,38,2016-01-01
17_33038,6,18.99,114,2016-01-01
17_33055,17,8.99,153,2016-01-01
17_3310,22,5.99,132,2016-01-01
17_33148,18,9.99,180,2016-01-01
17_33149,1,8.99,9,2016-01-01
17_3315,75,0.99,74,2016-01-01
17_3316,8,15.49,124,2016-01-01
17_3325,7,9.99,70,2016-01-01
17_3326,12,9.49,114,2016-01-01
17_33265,7,10.99,77,2016-01-01
17_33348,12,10.99,132,2016-01-01
17_3351,13,16.99,221,2016-01-01
17_3352,3,24.99,75,2016-01-01
17_3354,14,14.99,210,2016-01-01
17_3356,6,6.99,42,2016-01-01
17_3366,2,33.99,68,2016-01-01
17_3368,5,16.99,85,2016-01-01
17_33682,8,20.99,168,2016-01-01
17_33683,15,20.99,315,2016-01-01
17_3385,6,16.99,102,2016-01-01
17_33873,8,6.49,52,2016-01-01
17_33874,9,9.99,90,2016-01-01
17_33879,7,9.99,70,2016-01-01
17_3395,17,14.99,255,2016-01-01
17_3396,5,17.99,90,2016-01-01
17_3412,11,12.99,143,2016-01-01
17_34133,12,9.99,120,2016-01-01
17_34134,11,9.99,110,2016-01-01
17_3420,6,9.99,60,2016-01-01
17_3427,4,24.99,100,2016-01-01
17_34427,4,21.99,88,2016-01-01
17_34428,11,15.99,176,2016-01-01
17_34429,6,16.99,102,2016-01-01
17_3444,2,39.99,80,2016-01-01
17_3452,4,6.99,28,2016-01-01
17_3456,9,19.99,180,2016-01-01
17_3458,8,19.99,160,2016-01-01
17_3487,7,16.99,119,2016-01-01
17_3488,13,19.99,260,2016-01-01
17_3489,41,27.99,1148,2016-01-01
17_34903,22,7.99,176,2016-01-01
17_34904,23,7.99,184,2016-01-01
17_34905,15,7.99,120,2016-01-01
17_3495,8,38.99,312,2016-01-01
17_3497,3,94.99,285,2016-01-01
17_3498,13,18.99,247,2016-01-01
17_3502,6,12.99,78,2016-01-01
17_3503,6,12.99,78,2016-01-01
17_3511,11,9.99,110,2016-01-01
17_3512,26,15.99,416,2016-01-01
17_3513,14,24.99,350,2016-01-01
17_3517,10,12.99,130,2016-01-01
17_3545,36,31.99,1152,2016-01-01
17_35472,32,8.99,288,2016-01-01
17_3549,13,22.99,299,2016-01-01
17_35578,17,9.99,170,2016-01-01
17_35664,10,9.99,100,2016-01-01
17_35666,10,9.99,100,2016-01-01
17_3580,3,12.99,39,2016-01-01
17_35913,7,8.99,63,2016-01-01
17_35914,22,8.99,198,2016-01-01
17_35916,18,8.99,162,2016-01-01
17_35918,20,10.99,220,2016-01-01
17_3595,11,15.99,176,2016-01-01
17_3606,12,0.99,12,2016-01-01
17_3608,122,0.99,121,2016-01-01
17_361,3,19.99,60,2016-01-01
17_3610,14,12.99,182,2016-01-01
17_3614,8,19.99,160,2016-01-01
17_36200,7,11.99,84,2016-01-01
17_3626,12,12.99,156,2016-01-01
17_3630,9,24.99,225,2016-01-01
17_3637,11,5.29,58,2016-01-01
17_36558,3,9.99,30,2016-01-01
17_3656,3,24.99,75,2016-01-01
17_3663,8,13.99,112,2016-01-01
17_3668,10,42.99,430,2016-01-01
17_3680,8,24.99,200,2016-01-01
17_3682,9,22.99,207,2016-01-01
17_3683,4,16.99,68,2016-01-01
17_3689,2,16.99,34,2016-01-01
17_3690,5,27.99,140,2016-01-01
17_3693,12,12.99,156,2016-01-01
17_3694,12,16.99,204,2016-01-01
17_3696,13,10.49,136,2016-01-01
17_3704,9,24.99,225,2016-01-01
17_3706,11,16.99,187,2016-01-01
17_3707,48,0.99,48,2016-01-01
17_37235,14,11.99,168,2016-01-01
17_3726,3,4.99,15,2016-01-01
17_37313,18,11.99,216,2016-01-01
17_3736,13,12.99,169,2016-01-01
17_37401,14,7.99,112,2016-01-01
17_3743,14,12.99,182,2016-01-01
17_37433,10,9.99,100,2016-01-01
17_3746,18,12.99,234,2016-01-01
17_3754,7,12.99,91,2016-01-01
17_3755,12,15.99,192,2016-01-01
17_37604,4,16.99,68,2016-01-01
17_3768,26,4.99,130,2016-01-01
17_3769,8,8.99,72,2016-01-01
17_37792,10,7.99,80,2016-01-01
17_37794,4,8.99,36,2016-01-01
17_3790,7,45.99,322,2016-01-01
17_3794,3,36.99,111,2016-01-01
17_3800,4,53.99,216,2016-01-01
17_3804,4,9.99,40,2016-01-01
17_38133,11,7.99,88,2016-01-01
17_38178,6,5.99,36,2016-01-01
17_3818,7,29.99,210,2016-01-01
17_38181,3,5.99,18,2016-01-01
17_3821,16,12.99,208,2016-01-01
17_3826,31,19.99,620,2016-01-01
17_3827,8,12.99,104,2016-01-01
17_3834,9,15.99,144,2016-01-01
17_3835,11,12.99,143,2016-01-01
17_3836,14,12.99,182,2016-01-01
17_3837,110,0.99,109,2016-01-01
17_3840,7,17.99,126,2016-01-01
17_38457,14,7.99,112,2016-01-01
17_38502,10,6.99,70,2016-01-01
17_38546,18,8.99,162,2016-01-01
17_3859,24,8.99,216,2016-01-01
17_3871,5,12.99,65,2016-01-01
17_3876,45,17.99,810,2016-01-01
17_3877,2,12.99,26,2016-01-01
17_38772,15,16.99,255,2016-01-01
17_3878,11,12.99,143,2016-01-01
17_3879,4,10.99,44,2016-01-01
17_388,12,14.49,174,2016-01-01
17_3882,4,12.99,52,2016-01-01
17_3883,3,21.99,66,2016-01-01
17_38850,25,7.99,200,2016-01-01
17_38888,5,27.99,140,2016-01-01
17_38898,10,29.99,300,2016-01-01
17_38899,5,12.99,65,2016-01-01
17_3893,77,9.99,769,2016-01-01
17_3894,12,11.99,144,2016-01-01
17_3896,14,3.29,46,2016-01-01
17_3913,33,17.99,594,2016-01-01
17_39146,9,10.99,99,2016-01-01
17_3915,8,12.99,104,2016-01-01
17_3917,30,0.99,30,2016-01-01
17_3921,2,23.99,48,2016-01-01
17_3924,4,23.99,96,2016-01-01
17_39254,8,10.99,88,2016-01-01
17_39256,14,10.99,154,2016-01-01
17_39348,9,10.99,99,2016-01-01
17_39356,3,17.99,54,2016-01-01
17_3938,6,16.99,102,2016-01-01
17_39384,20,16.99,340,2016-01-01
17_39413,22,8.99,198,2016-01-01
17_3945,4,17.99,72,2016-01-01
17_39479,11,7.99,88,2016-01-01
17_3951,8,2.49,20,2016-01-01
17_39593,14,9.99,140,2016-01-01
17_3980,4,39.99,160,2016-01-01
17_3982,11,19.99,220,2016-01-01
17_3987,18,10.99,198,2016-01-01
17_3997,4,19.99,80,2016-01-01
17_3999,13,21.99,286,2016-01-01
17_40096,4,18.99,76,2016-01-01
17_40097,5,18.99,95,2016-01-01
17_40193,17,8.99,153,2016-01-01
17_40337,7,9.99,70,2016-01-01
17_40425,14,9.95,139,2016-01-01
17_4044,10,12.99,130,2016-01-01
17_40545,11,14.99,165,2016-01-01
17_4064,5,12.99,65,2016-01-01
17_408,3,17.99,54,2016-01-01
17_4089,19,20.99,399,2016-01-01
17_4103,6,14.99,90,2016-01-01
17_41033,16,8.99,144,2016-01-01
17_41034,43,7.95,342,2016-01-01
17_41072,16,11.99,192,2016-01-01
17_4113,2,0.99,2,2016-01-01
17_41251,31,5.99,186,2016-01-01
17_41252,17,7.99,136,2016-01-01
17_41253,16,11.99,192,2016-01-01
17_41254,15,11.99,180,2016-01-01
17_4145,18,16.99,306,2016-01-01
17_4152,13,4.99,65,2016-01-01
17_4153,11,11.99,132,2016-01-01
17_41546,14,7.99,112,2016-01-01
17_41751,7,8.99,63,2016-01-01
17_4194,7,12.99,91,2016-01-01
17_4195,12,10.99,132,2016-01-01
17_4199,8,21.99,176,2016-01-01
17_4201,8,12.99,104,2016-01-01
17_42099,6,17.99,108,2016-01-01
17_42122,14,9.99,140,2016-01-01
17_42188,6,49.99,300,2016-01-01
17_42350,7,18.99,133,2016-01-01
17_4241,82,1.99,163,2016-01-01
17_42422,14,12.99,182,2016-01-01
17_42462,18,9.99,180,2016-01-01
17_4249,10,12.99,130,2016-01-01
17_42579,17,9.99,170,2016-01-01
17_42601,8,8.99,72,2016-01-01
17_42602,23,8.99,207,2016-01-01
17_42603,12,8.99,108,2016-01-01
17_4261,68,21.99,1495,2016-01-01
17_4262,44,16.99,748,2016-01-01
17_4264,9,14.99,135,2016-01-01
17_4265,13,10.99,143,2016-01-01
17_4268,10,22.99,230,2016-01-01
17_4269,17,12.99,221,2016-01-01
17_4278,4,11.99,48,2016-01-01
17_4280,8,23.99,192,2016-01-01
17_4291,11,12.99,143,2016-01-01
17_4296,6,11.99,72,2016-01-01
17_4297,3,7.99,24,2016-01-01
17_4313,5,26.99,135,2016-01-01
17_43223,25,8.95,224,2016-01-01
17_4327,7,19.99,140,2016-01-01
17_4330,4,25.99,104,2016-01-01
17_4343,7,9.99,70,2016-01-01
17_4345,1,19.99,20,2016-01-01
17_4349,4,15.99,64,2016-01-01
17_4351,3,22.99,69,2016-01-01
17_4368,16,33.99,544,2016-01-01
17_4370,7,10.99,77,2016-01-01
17_43737,10,8.99,90,2016-01-01
17_43798,21,11.99,252,2016-01-01
17_4380,8,13.99,112,2016-01-01
17_43809,15,8.99,135,2016-01-01
17_4385,5,24.99,125,2016-01-01
17_4390,4,42.99,172,2016-01-01
17_44037,12,4.99,60,2016-01-01
17_44038,24,10.99,264,2016-01-01
17_4410,5,9.99,50,2016-01-01
17_4416,5,9.99,50,2016-01-01
17_44208,9,18.99,171,2016-01-01
17_4422,5,11.49,57,2016-01-01
17_44234,4,13.99,56,2016-01-01
17_4429,6,21.99,132,2016-01-01
17_44334,3,11.99,36,2016-01-01
17_4437,7,33.99,238,2016-01-01
17_4438,4,9.99,40,2016-01-01
17_44494,17,7.99,136,2016-01-01
17_44511,17,13.95,237,2016-01-01
17_44712,13,20.99,273,2016-01-01
17_44734,10,7.99,80,2016-01-01
17_4478,14,17.99,252,2016-01-01
17_4494,20,12.99,260,2016-01-01
17_4502,6,21.99,132,2016-01-01
17_4521,4,21.99,88,2016-01-01
17_45322,10,8.99,90,2016-01-01
17_45822,12,8.99,108,2016-01-01
17_463,6,33.99,204,2016-01-01
17_4634,12,10.99,132,2016-01-01
17_46379,12,16.99,204,2016-01-01
17_46447,11,10.99,121,2016-01-01
17_46476,12,9.99,120,2016-01-01
17_4652,3,199.99,600,2016-01-01
17_4662,11,19.99,220,2016-01-01
17_4664,3,34.99,105,2016-01-01
17_4673,4,69.99,280,2016-01-01
17_4678,14,22.99,322,2016-01-01
17_4679,8,11.99,96,2016-01-01
17_4682,2,34.99,70,2016-01-01
17_4686,6,58.99,354,2016-01-01
17_4689,4,51.99,208,2016-01-01
17_4722,8,34.99,280,2016-01-01
17_4737,11,10.99,121,2016-01-01
17_4767,6,26.99,162,2016-01-01
17_4798,11,1.99,22,2016-01-01
17_4806,1,14.99,15,2016-01-01
17_4857,68,0.99,67,2016-01-01
17_4892,11,9.99,110,2016-01-01
17_4897,22,4.49,99,2016-01-01
17_497,4,19.99,80,2016-01-01
17_5031,6,14.99,90,2016-01-01
17_5042,8,13.99,112,2016-01-01
17_5058,10,17.99,180,2016-01-01
17_5096,13,10.99,143,2016-01-01
17_5124,3,66.99,201,2016-01-01
17_5128,7,11.49,80,2016-01-01
17_5130,6,17.99,108,2016-01-01
17_5142,8,22.99,184,2016-01-01
17_5195,9,5.99,54,2016-01-01
17_5197,20,7.99,160,2016-01-01
17_5219,4,19.99,80,2016-01-01
17_5228,7,8.99,63,2016-01-01
17_5232,3,14.99,45,2016-01-01
17_5233,21,18.99,399,2016-01-01
17_5242,10,29.99,300,2016-01-01
17_5251,12,0.99,12,2016-01-01
17_5254,5,10.99,55,2016-01-01
17_5270,16,1.99,32,2016-01-01
17_5292,6,17.99,108,2016-01-01
17_5296,7,28.99,203,2016-01-01
17_5297,6,13.99,84,2016-01-01
17_5298,13,16.99,221,2016-01-01
17_5299,17,19.99,340,2016-01-01
17_5333,6,10.99,66,2016-01-01
17_5342,14,26.99,378,2016-01-01
17_5353,17,18.99,323,2016-01-01
17_5358,4,25.99,104,2016-01-01
17_5368,15,21.49,322,2016-01-01
17_5391,25,15.99,400,2016-01-01
17_5392,18,17.99,324,2016-01-01
17_5394,12,10.99,132,2016-01-01
17_5396,5,16.99,85,2016-01-01
17_5399,19,1.99,38,2016-01-01
17_5404,22,5.49,121,2016-01-01
17_5438,4,9.99,40,2016-01-01
17_5444,4,19.99,80,2016-01-01
17_5457,46,1.99,92,2016-01-01
17_5458,3,15.99,48,2016-01-01
17_5462,3,21.99,66,2016-01-01
17_5480,13,10.99,143,2016-01-01
17_5489,15,10.99,165,2016-01-01
17_5490,22,0.99,22,2016-01-01
17_5491,121,1.99,241,2016-01-01
17_5539,11,10.99,121,2016-01-01
17_5597,7,9.99,70,2016-01-01
17_5616,1,19.99,20,2016-01-01
17_5630,5,17.99,90,2016-01-01
17_5662,14,10.99,154,2016-01-01
17_5706,12,26.99,324,2016-01-01
17_5713,11,16.99,187,2016-01-01
17_5725,4,9.99,40,2016-01-01
17_5760,69,1.99,137,2016-01-01
17_5815,6,21.99,132,2016-01-01
17_5826,4,8.99,36,2016-01-01
17_5847,9,21.99,198,2016-01-01
17_5872,24,2.99,72,2016-01-01
17_5890,9,21.99,198,2016-01-01
17_597,11,27.99,308,2016-01-01
17_6162,11,21.99,242,2016-01-01
17_6173,11,7.99,88,2016-01-01
17_6183,7,8.99,63,2016-01-01
17_6186,19,11.99,228,2016-01-01
17_6195,5,27.99,140,2016-01-01
17_62,4,36.99,148,2016-01-01
17_6213,6,7.99,48,2016-01-01
17_6216,5,7.99,40,2016-01-01
17_6234,10,10.99,110,2016-01-01
17_6256,11,9.99,110,2016-01-01
17_6264,23,6.99,161,2016-01-01
17_6273,33,7.99,264,2016-01-01
17_6278,21,10.95,230,2016-01-01
17_6285,7,9.99,70,2016-01-01
17_6329,8,9.99,80,2016-01-01
17_6351,18,16.99,306,2016-01-01
17_6356,7,7.79,55,2016-01-01
17_6396,8,7.79,62,2016-01-01
17_6398,12,10.99,132,2016-01-01
17_6420,9,7.99,72,2016-01-01
17_6455,12,8.95,107,2016-01-01
17_6478,13,10.99,143,2016-01-01
17_6479,35,8.99,315,2016-01-01
17_6529,3,34.99,105,2016-01-01
17_6530,9,7.99,72,2016-01-01
17_6542,9,6.99,63,2016-01-01
17_6552,8,22.99,184,2016-01-01
17_6553,15,11.99,180,2016-01-01
17_6565,21,8.99,189,2016-01-01
17_6567,7,8.99,63,2016-01-01
17_6569,7,19.99,140,2016-01-01
17_6570,29,9.95,289,2016-01-01
17_6575,14,9.99,140,2016-01-01
17_6599,16,12.99,208,2016-01-01
17_661,1,13.99,14,2016-01-01
17_6635,6,9.99,60,2016-01-01
17_6647,29,8.99,261,2016-01-01
17_6649,10,11.99,120,2016-01-01
17_6650,7,14.99,105,2016-01-01
17_6654,52,39.99,2079,2016-01-01
17_6655,7,6.99,49,2016-01-01
17_6660,5,14.99,75,2016-01-01
17_6670,12,9.99,120,2016-01-01
17_6682,22,8.99,198,2016-01-01
17_6688,31,9.99,310,2016-01-01
17_6692,12,11.99,144,2016-01-01
17_676,4,10.99,44,2016-01-01
17_6824,17,14.99,255,2016-01-01
17_6854,1,14.99,15,2016-01-01
17_6857,9,9.99,90,2016-01-01
17_6859,9,10.99,99,2016-01-01
17_6861,6,5.99,36,2016-01-01
17_6864,12,9.99,120,2016-01-01
17_6876,6,5.99,36,2016-01-01
17_6879,120,0.99,119,2016-01-01
17_6896,11,14.95,164,2016-01-01
17_6938,30,6.99,210,2016-01-01
17_6942,10,13.99,140,2016-01-01
17_6958,9,7.99,72,2016-01-01
17_6960,16,6.99,112,2016-01-01
17_6976,11,18.99,209,2016-01-01
17_6984,17,16.99,289,2016-01-01
17_7159,17,6.99,119,2016-01-01
17_7198,8,9.99,80,2016-01-01
17_7254,6,7.99,48,2016-01-01
17_7261,11,5.49,60,2016-01-01
17_7262,16,5.49,88,2016-01-01
17_7266,5,13.99,70,2016-01-01
17_7340,11,18.99,209,2016-01-01
17_7341,40,0.99,40,2016-01-01
17_7358,6,18.99,114,2016-01-01
17_7423,9,7.99,72,2016-01-01
17_7535,3,5.99,18,2016-01-01
17_757,2,17.99,36,2016-01-01
17_7818,36,5.49,198,2016-01-01
17_782,5,44.99,225,2016-01-01
17_7860,9,5.99,54,2016-01-01
17_7865,28,34.99,980,2016-01-01
17_7878,17,15.99,272,2016-01-01
17_8023,11,4.49,49,2016-01-01
17_8032,22,7.99,176,2016-01-01
17_8033,19,2.99,57,2016-01-01
17_8053,61,0.99,60,2016-01-01
17_8064,17,0.99,17,2016-01-01
17_8066,9,9.99,90,2016-01-01
17_807,7,17.99,126,2016-01-01
17_8072,17,36.99,629,2016-01-01
17_8082,57,29.99,1709,2016-01-01
17_8085,10,31.99,320,2016-01-01
17_809,9,19.99,180,2016-01-01
17_8092,21,2.29,48,2016-01-01
17_8101,18,1.99,36,2016-01-01
17_8107,10,34.99,350,2016-01-01
17_811,6,27.99,168,2016-01-01
17_8111,158,0.99,156,2016-01-01
17_8112,47,24.99,1175,2016-01-01
17_8123,9,12.99,117,2016-01-01
17_8124,15,12.99,195,2016-01-01
17_8152,9,12.99,117,2016-01-01
17_8166,12,19.99,240,2016-01-01
17_8170,17,2.99,51,2016-01-01
17_8171,21,0.99,21,2016-01-01
17_8178,17,27.99,476,2016-01-01
17_8187,13,16.99,221,2016-01-01
17_8189,6,31.99,192,2016-01-01
17_8200,19,2.99,57,2016-01-01
17_8202,5,17.99,90,2016-01-01
17_8203,37,2.99,111,2016-01-01
17_8205,25,1.99,50,2016-01-01
17_8214,11,9.99,110,2016-01-01
17_8218,2,31.99,64,2016-01-01
17_822,13,26.99,351,2016-01-01
17_8223,24,13.99,336,2016-01-01
17_8231,6,12.99,78,2016-01-01
17_8232,7,8.99,63,2016-01-01
17_8236,3,1.49,4,2016-01-01
17_8258,2,29.99,60,2016-01-01
17_8280,15,12.99,195,2016-01-01
17_8288,6,11.99,72,2016-01-01
17_8296,7,27.99,196,2016-01-01
17_8329,12,7.99,96,2016-01-01
17_8342,16,11.99,192,2016-01-01
17_8345,17,7.99,136,2016-01-01
17_8346,35,14.99,525,2016-01-01
17_8361,4,14.99,60,2016-01-01
17_8387,19,21.99,418,2016-01-01
17_8413,11,17.99,198,2016-01-01
17_8421,12,5.99,72,2016-01-01
17_8423,4,6.99,28,2016-01-01
17_8438,60,0.99,59,2016-01-01
17_8446,14,5.99,84,2016-01-01
17_8448,7,9.99,70,2016-01-01
17_8450,10,18.99,190,2016-01-01
17_8451,3,16.99,51,2016-01-01
17_8462,15,21.99,330,2016-01-01
17_8495,14,0.99,14,2016-01-01
17_8497,6,9.99,60,2016-01-01
17_8498,29,8.99,261,2016-01-01
17_8500,1,8.79,9,2016-01-01
17_8504,20,8.99,180,2016-01-01
17_8506,7,32.99,231,2016-01-01
17_8512,61,18.99,1158,2016-01-01
17_8513,17,8.99,153,2016-01-01
17_8515,6,18.99,114,2016-01-01
17_8517,7,18.99,133,2016-01-01
17_8526,16,27.99,448,2016-01-01
17_8537,27,13.99,378,2016-01-01
17_855,9,10.99,99,2016-01-01
17_8562,8,14.99,120,2016-01-01
17_858,12,11.99,144,2016-01-01
17_8599,5,5.99,30,2016-01-01
17_8606,80,0.99,79,2016-01-01
17_8612,3,67.99,204,2016-01-01
17_8620,11,11.99,132,2016-01-01
17_8621,10,6.29,63,2016-01-01
17_8622,5,134.99,675,2016-01-01
17_8627,16,7.98,128,2016-01-01
17_8628,14,8.99,126,2016-01-01
17_8671,9,19.99,180,2016-01-01
17_8673,7,10.99,77,2016-01-01
17_8678,20,16.99,340,2016-01-01
17_8680,54,38.99,2105,2016-01-01
17_8694,10,10.99,110,2016-01-01
17_8696,11,10.99,121,2016-01-01
17_8700,15,24.95,374,2016-01-01
17_8701,6,9.99,60,2016-01-01
17_872,8,9.99,80,2016-01-01
17_8725,10,17.99,180,2016-01-01
17_8726,65,1.99,129,2016-01-01
17_8730,16,7.99,128,2016-01-01
17_8744,2,17.99,36,2016-01-01
17_8749,7,15.99,112,2016-01-01
17_876,6,8.99,54,2016-01-01
17_877,2,8.99,18,2016-01-01
17_8778,8,46.99,376,2016-01-01
17_878,3,9.99,30,2016-01-01
17_8788,19,1.99,38,2016-01-01
17_879,9,9.99,90,2016-01-01
17_8790,8,15.99,128,2016-01-01
17_8808,6,17.99,108,2016-01-01
17_8819,6,6.99,42,2016-01-01
17_888,5,8.99,45,2016-01-01
17_8892,6,26.99,162,2016-01-01
17_8893,7,16.99,119,2016-01-01
17_8897,7,49.99,350,2016-01-01
17_8898,9,25.99,234,2016-01-01
17_8905,4,11.99,48,2016-01-01
17_8910,95,0.99,94,2016-01-01
17_8921,26,16.95,441,2016-01-01
17_8962,10,17.99,180,2016-01-01
17_8978,5,16.99,85,2016-01-01
17_905,2,12.99,26,2016-01-01
25_1001,36,5.99,216,2016-01-01
25_10058,21,14.99,315,2016-01-01
25_1023,12,51.99,624,2016-01-01
25_1024,12,31.99,384,2016-01-01
25_10266,5,15.99,80,2016-01-01
25_10420,12,4.99,60,2016-01-01
25_10421,5,10.99,55,2016-01-01
25_10443,7,11.99,84,2016-01-01
25_10472,14,8.99,126,2016-01-01
25_1060,18,27.99,504,2016-01-01
25_1064,3,26.99,81,2016-01-01
25_10723,10,8.99,90,2016-01-01
25_10727,10,7.95,80,2016-01-01
25_10957,5,8.99,45,2016-01-01
25_11141,12,9.99,120,2016-01-01
25_11213,7,18.99,133,2016-01-01
25_11414,4,5.99,24,2016-01-01
25_11440,8,14.99,120,2016-01-01
25_11957,3,14.99,45,2016-01-01
25_11970,26,14.99,390,2016-01-01
25_12123,9,4.99,45,2016-01-01
25_12147,12,8.99,108,2016-01-01
25_1220,13,29.99,390,2016-01-01
25_12212,4,18.99,76,2016-01-01
25_12213,13,8.99,117,2016-01-01
25_12216,3,9.99,30,2016-01-01
25_12220,14,9.99,140,2016-01-01
25_1226,5,25.99,130,2016-01-01
25_1231,6,12.99,78,2016-01-01
25_1232,33,26.99,891,2016-01-01
25_1233,92,35.99,3311,2016-01-01
25_1237,5,44.99,225,2016-01-01
25_1239,5,50.99,255,2016-01-01
25_1244,38,15.99,608,2016-01-01
25_1258,13,22.99,299,2016-01-01
25_12586,5,10.99,55,2016-01-01
25_1273,19,31.99,608,2016-01-01
25_1276,22,4.99,110,2016-01-01
25_12771,5,12.99,65,2016-01-01
25_1278,3,35.99,108,2016-01-01
25_1323,5,17.99,90,2016-01-01
25_1336,10,26.99,270,2016-01-01
25_1345,5,37.99,190,2016-01-01
25_1346,21,29.99,630,2016-01-01
25_1348,13,15.99,208,2016-01-01
25_1355,16,3.49,56,2016-01-01
25_1358,3,61.99,186,2016-01-01
25_1359,3,27.99,84,2016-01-01
25_1365,21,7.99,168,2016-01-01
25_13708,8,17.99,144,2016-01-01
25_1373,4,13.99,56,2016-01-01
25_1375,14,16.49,231,2016-01-01
25_1376,62,21.99,1363,2016-01-01
25_1378,13,9.49,123,2016-01-01
25_1380,7,46.99,329,2016-01-01
25_1382,1,39.99,40,2016-01-01
25_1384,25,27.99,700,2016-01-01
25_1385,28,26.99,756,2016-01-01
25_1388,7,24.99,175,2016-01-01
25_1389,24,2.99,72,2016-01-01
25_1392,2,13.99,28,2016-01-01
25_1394,5,16.49,82,2016-01-01
25_13940,13,18.99,247,2016-01-01
25_1395,14,7.99,112,2016-01-01
25_1396,13,15.99,208,2016-01-01
25_1397,25,13.99,350,2016-01-01
25_14006,18,9.99,180,2016-01-01
25_14078,3,17.99,54,2016-01-01
25_1415,3,12.99,39,2016-01-01
25_1424,11,12.99,143,2016-01-01
25_14439,6,4.99,30,2016-01-01
25_14622,10,12.99,130,2016-01-01
25_1465,12,17.99,216,2016-01-01
25_1468,6,41.99,252,2016-01-01
25_15105,46,9.95,458,2016-01-01
25_1520,17,3.99,68,2016-01-01
25_15229,12,39.95,479,2016-01-01
25_1545,11,26.99,297,2016-01-01
25_1550,10,3.99,40,2016-01-01
25_1623,10,12.99,130,2016-01-01
25_16260,13,11.99,156,2016-01-01
25_16262,14,11.99,168,2016-01-01
25_16669,4,12.99,52,2016-01-01
25_16806,7,9.99,70,2016-01-01
25_16837,15,5.99,90,2016-01-01
25_16843,5,4.99,25,2016-01-01
25_171,6,49.99,300,2016-01-01
25_17175,38,7.99,304,2016-01-01
25_17176,45,7.99,360,2016-01-01
25_17177,11,7.99,88,2016-01-01
25_1737,4,48.99,196,2016-01-01
25_1770,44,36.99,1628,2016-01-01
25_17865,24,11.99,288,2016-01-01
25_1789,37,25.99,962,2016-01-01
25_17967,4,15.99,64,2016-01-01
25_18027,4,13.99,56,2016-01-01
25_18106,8,10.99,88,2016-01-01
25_18107,9,4.99,45,2016-01-01
25_18152,13,10.99,143,2016-01-01
25_18347,12,16.99,204,2016-01-01
25_1867,31,2.99,93,2016-01-01
25_1868,12,69.99,840,2016-01-01
25_1869,17,57.99,986,2016-01-01
25_1883,48,17.99,864,2016-01-01
25_18856,19,5.99,114,2016-01-01
25_1886,3,10.99,33,2016-01-01
25_18893,16,9.99,160,2016-01-01
25_1892,54,0.99,53,2016-01-01
25_19270,4,24.99,100,2016-01-01
25_1955,10,12.99,130,2016-01-01
25_19748,30,15.99,480,2016-01-01
25_19848,40,9.99,400,2016-01-01
25_2015,7,26.99,189,2016-01-01
25_2026,3,18.99,57,2016-01-01
25_20357,5,9.99,50,2016-01-01
25_20447,3,9.99,30,2016-01-01
25_2062,3,59.99,180,2016-01-01
25_2085,9,13.99,126,2016-01-01
25_2100,12,9.99,120,2016-01-01
25_21019,1,18.99,19,2016-01-01
25_2105,24,9.99,240,2016-01-01
25_2114,94,12.99,1221,2016-01-01
25_2117,10,8.99,90,2016-01-01
25_2120,61,15.99,975,2016-01-01
25_21208,21,15.99,336,2016-01-01
25_2122,22,10.99,242,2016-01-01
25_21232,15,9.99,150,2016-01-01
25_2143,48,13.99,672,2016-01-01
25_2148,15,7.99,120,2016-01-01
25_2152,4,9.99,40,2016-01-01
25_2155,6,37.99,228,2016-01-01
25_2164,36,16.99,612,2016-01-01
25_2183,12,18.99,228,2016-01-01
25_21951,10,12.99,130,2016-01-01
25_21985,7,9.95,70,2016-01-01
25_22079,10,9.99,100,2016-01-01
25_22143,3,18.99,57,2016-01-01
25_22194,3,12.99,39,2016-01-01
25_2237,3,56.99,171,2016-01-01
25_2270,7,74.99,525,2016-01-01
25_2287,8,39.99,320,2016-01-01
25_2290,3,23.99,72,2016-01-01
25_23229,12,14.99,180,2016-01-01
25_23355,32,14.99,480,2016-01-01
25_23403,45,8.99,405,2016-01-01
25_2373,3,13.99,42,2016-01-01
25_2418,27,21.99,594,2016-01-01
25_24188,5,15.99,80,2016-01-01
25_2432,53,21.99,1165,2016-01-01
25_24325,9,15.99,144,2016-01-01
25_24327,4,19.99,80,2016-01-01
25_2435,5,40.99,205,2016-01-01
25_2436,17,14.99,255,2016-01-01
25_2443,71,20.99,1490,2016-01-01
25_2445,14,11.99,168,2016-01-01
25_24455,11,16.98,187,2016-01-01
25_24456,9,11.98,108,2016-01-01
25_2448,10,15.99,160,2016-01-01
25_24592,5,6.99,35,2016-01-01
25_2465,43,2.99,129,2016-01-01
25_2466,5,46.99,235,2016-01-01
25_2476,11,21.99,242,2016-01-01
25_2494,8,46.99,376,2016-01-01
25_2496,11,52.99,583,2016-01-01
25_2499,9,27.99,252,2016-01-01
25_2508,4,1.99,8,2016-01-01
25_25269,16,7.99,128,2016-01-01
25_253,11,5.79,64,2016-01-01
25_2531,4,65.99,264,2016-01-01
25_2570,6,79.99,480,2016-01-01
25_26092,49,7.99,392,2016-01-01
25_26285,3,69.99,210,2016-01-01
25_26463,48,7.99,384,2016-01-01
25_2675,12,44.99,540,2016-01-01
25_2676,4,14.99,60,2016-01-01
25_2690,19,9.99,190,2016-01-01
25_2692,2,34.99,70,2016-01-01
25_26945,42,12.99,546,2016-01-01
25_26948,3,19.99,60,2016-01-01
