po_number,inventory_id,po_date,receiving_date,invoice_date,pay_date,purchase_price,quantity,dollars
8170,17_18027,2015-12-24,2016-01-02,2016-01-07,2016-02-12,9.08,11,99.88
8170,5_18027,2015-12-24,2016-01-02,2016-01-07,2016-02-12,9.08,6,54.48
8170,17_18347,2015-12-24,2016-01-02,2016-01-07,2016-02-12,8.58,12,102.96
8170,5_8978,2015-12-24,2016-01-02,2016-01-07,2016-02-12,10.78,4,43.12
8170,17_18152,2015-12-24,2016-01-02,2016-01-07,2016-02-12,5.26,24,126.24
8170,5_17967,2015-12-24,2016-01-02,2016-01-07,2016-02-12,8.96,11,98.56
8170,17_43798,2015-12-24,2016-01-02,2016-01-07,2016-02-12,6.45,12,77.40
8170,5_8678,2015-12-24,2016-01-02,2016-01-07,2016-02-12,9.32,24,223.68
8170,5_18347,2015-12-24,2016-01-02,2016-01-07,2016-02-12,8.58,24,205.92
8150,41_1232,2015-12-23,2016-01-02,2016-01-09,2016-02-19,15.93,10,159.30
8150,41_2143,2015-12-23,2016-01-02,2016-01-09,2016-02-19,10.07,5,50.35
8150,17_1545,2015-12-23,2016-01-02,2016-01-09,2016-02-19,19.42,12,233.04
8150,41_1220,2015-12-23,2016-01-02,2016-01-09,2016-02-19,21.89,6,131.34
8150,42_2015,2015-12-23,2016-01-02,2016-01-09,2016-02-19,18.10,1,18.10
8150,41_5297,2015-12-23,2016-01-02,2016-01-09,2016-02-19,10.76,12,129.12
8150,36_2015,2015-12-23,2016-01-01,2016-01-09,2016-02-19,18.10,1,18.10
8150,5_8033,2015-12-23,2016-01-02,2016-01-09,2016-02-19,2.30,10,23.00
8150,5_2143,2015-12-23,2016-01-02,2016-01-09,2016-02-19,10.07,1,10.07
8150,5_5298,2015-12-23,2016-01-02,2016-01-09,2016-02-19,12.77,12,153.24
8150,17_171,2015-12-23,2016-01-02,2016-01-09,2016-02-19,36.76,6,220.56
8150,5_2148,2015-12-23,2016-01-02,2016-01-09,2016-02-19,5.96,10,59.60
8150,17_8288,2015-12-23,2016-01-02,2016-01-09,2016-02-19,7.94,15,119.10
8150,5_1233,2015-12-23,2016-01-02,2016-01-09,2016-02-19,26.27,12,315.24
8150,41_8725,2015-12-23,2016-01-02,2016-01-09,2016-02-19,11.84,12,142.08
8150,5_1770,2015-12-23,2016-01-02,2016-01-09,2016-02-19,26.42,6,158.52
8150,5_3614,2015-12-23,2016-01-02,2016-01-09,2016-02-19,15.99,6,95.94
8150,41_5270,2015-12-23,2016-01-02,2016-01-09,2016-02-19,1.55,5,7.75
8150,25_1232,2015-12-23,2016-01-03,2016-01-09,2016-02-19,15.93,1,15.93
8150,17_1220,2015-12-23,2016-01-02,2016-01-09,2016-02-19,21.89,5,109.45
8151,5_3826,2015-12-23,2016-01-02,2016-01-06,2016-02-20,15.74,2,31.48
8151,41_3172,2015-12-23,2016-01-02,2016-01-06,2016-02-20,10.31,12,123.72
8151,17_3826,2015-12-23,2016-01-02,2016-01-06,2016-02-20,15.74,5,78.70
8151,41_4787,2015-12-23,2016-01-02,2016-01-06,2016-02-20,15.03,6,90.18
8108,5_12211,2015-12-20,2016-01-02,2016-01-11,2016-02-10,11.03,6,66.18
8108,41_8504,2015-12-20,2016-01-02,2016-01-11,2016-02-10,5.84,5,29.20
8108,41_41546,2015-12-20,2016-01-02,2016-01-11,2016-02-10,5.51,10,55.10
8108,41_6479,2015-12-20,2016-01-02,2016-01-11,2016-02-10,5.95,3,17.85
8108,41_29248,2015-12-20,2016-01-02,2016-01-11,2016-02-10,6.53,12,78.36
8108,5_35472,2015-12-20,2016-01-02,2016-01-11,2016-02-10,5.88,6,35.28
8108,5_8985,2015-12-20,2016-01-02,2016-01-11,2016-02-10,4.44,24,106.56
8108,5_38178,2015-12-20,2016-01-02,2016-01-11,2016-02-10,4.13,12,49.56
8108,41_6565,2015-12-20,2016-01-02,2016-01-11,2016-02-10,5.99,5,29.95
8108,5_40097,2015-12-20,2016-01-02,2016-01-11,2016-02-10,10.59,6,63.54
8108,5_38181,2015-12-20,2016-01-02,2016-01-11,2016-02-10,3.97,12,47.64
8108,41_29996,2015-12-20,2016-01-02,2016-01-11,2016-02-10,10.12,12,121.44
8108,5_40098,2015-12-20,2016-01-02,2016-01-11,2016-02-10,10.38,5,51.90
8108,17_29248,2015-12-20,2016-01-02,2016-01-11,2016-02-10,6.53,12,78.36
8108,5_2114,2015-12-20,2016-01-02,2016-01-11,2016-02-10,9.41,15,141.15
8108,41_31231,2015-12-20,2016-01-02,2016-01-11,2016-02-10,6.49,12,77.88
8108,17_8423,2015-12-20,2016-01-02,2016-01-11,2016-02-10,4.69,6,28.14
8108,41_11213,2015-12-20,2016-01-02,2016-01-11,2016-02-10,12.66,10,126.60
8108,5_3150,2015-12-20,2016-01-02,2016-01-11,2016-02-10,8.65,12,103.80
8108,17_2114,2015-12-20,2016-01-02,2016-01-11,2016-02-10,9.41,15,141.15
8108,17_26092,2015-12-20,2016-01-02,2016-01-11,2016-02-10,4.79,12,57.48
8108,17_28947,2015-12-20,2016-01-02,2016-01-11,2016-02-10,5.91,11,65.01
8108,5_19748,2015-12-20,2016-01-02,2016-01-11,2016-02-10,9.20,6,55.20
8108,41_19748,2015-12-20,2016-01-02,2016-01-11,2016-02-10,9.20,4,36.80
8108,41_10723,2015-12-20,2016-01-02,2016-01-11,2016-02-10,6.20,4,24.80
8108,5_8689,2015-12-20,2016-01-02,2016-01-11,2016-02-10,6.49,4,25.96
8108,17_43809,2015-12-20,2016-01-02,2016-01-11,2016-02-10,5.84,6,35.04
8108,25_2114,2015-12-20,2016-01-02,2016-01-11,2016-02-10,9.41,6,56.46
8108,5_3804,2015-12-20,2016-01-02,2016-01-11,2016-02-10,7.63,12,91.56
8108,5_8504,2015-12-20,2016-01-02,2016-01-11,2016-02-10,5.84,6,35.04
8108,5_43809,2015-12-20,2016-01-02,2016-01-11,2016-02-10,5.84,6,35.04
8108,41_40098,2015-12-20,2016-01-02,2016-01-11,2016-02-10,10.38,5,51.90
8108,41_17814,2015-12-20,2016-01-02,2016-01-11,2016-02-10,23.64,10,236.40
8108,41_6296,2015-12-20,2016-01-02,2016-01-11,2016-02-10,5.34,6,32.04
8108,17_8922,2015-12-20,2016-01-02,2016-01-11,2016-02-10,5.40,4,21.60
8108,41_3804,2015-12-20,2016-01-02,2016-01-11,2016-02-10,7.63,12,91.56
8108,5_6213,2015-12-20,2016-01-02,2016-01-11,2016-02-10,5.51,11,60.61
8108,5_6329,2015-12-20,2016-01-02,2016-01-11,2016-02-10,6.20,6,37.20
8108,41_40096,2015-12-20,2016-01-02,2016-01-11,2016-02-10,10.52,6,63.12
8108,41_28947,2015-12-20,2016-01-02,2016-01-11,2016-02-10,5.91,6,35.46
8108,37_7413,2015-12-20,2016-01-03,2016-01-11,2016-02-10,5.19,1,5.19
8108,41_23692,2015-12-20,2016-01-02,2016-01-11,2016-02-10,12.66,12,151.92
8108,17_40097,2015-12-20,2016-01-02,2016-01-11,2016-02-10,10.59,6,63.54
8108,5_6214,2015-12-20,2016-01-02,2016-01-11,2016-02-10,9.08,4,36.32
8108,5_10723,2015-12-20,2016-01-02,2016-01-11,2016-02-10,6.20,6,37.20
8108,17_8329,2015-12-20,2016-01-02,2016-01-11,2016-02-10,4.68,12,56.16
8108,41_6396,2015-12-20,2016-01-02,2016-01-11,2016-02-10,5.12,5,25.60
8108,17_38546,2015-12-20,2016-01-02,2016-01-11,2016-02-10,5.06,9,45.54
8108,17_40098,2015-12-20,2016-01-02,2016-01-11,2016-02-10,10.38,6,62.28
8108,5_6264,2015-12-20,2016-01-02,2016-01-11,2016-02-10,4.79,12,57.48
8108,41_21951,2015-12-20,2016-01-02,2016-01-11,2016-02-10,8.27,12,99.24
8139,5_13708,2015-12-22,2016-01-02,2016-01-06,2016-02-10,11.33,3,33.99
8139,41_14078,2015-12-22,2016-01-02,2016-01-06,2016-02-10,11.25,3,33.75
8139,5_42099,2015-12-22,2016-01-02,2016-01-06,2016-02-10,11.40,3,34.20
8109,41_23203,2015-12-20,2016-01-02,2016-01-12,2016-02-11,6.80,6,40.80
8109,17_32908,2015-12-20,2016-01-02,2016-01-12,2016-02-11,6.55,12,78.60
8109,17_11067,2015-12-20,2016-01-02,2016-01-12,2016-02-11,8.24,12,98.88
8109,41_6278,2015-12-20,2016-01-02,2016-01-12,2016-02-11,7.55,11,83.05
8109,17_6896,2015-12-20,2016-01-02,2016-01-12,2016-02-11,10.10,12,121.20
8173,5_2443,2015-12-24,2016-01-02,2016-01-10,2016-02-19,13.48,6,80.88
8173,41_2753,2015-12-24,2016-01-02,2016-01-10,2016-02-19,44.77,6,268.62
8173,41_2772,2015-12-24,2016-01-02,2016-01-10,2016-02-19,46.15,6,276.90
8173,5_2675,2015-12-24,2016-01-02,2016-01-10,2016-02-19,34.88,12,418.56
8173,41_8506,2015-12-24,2016-01-02,2016-01-10,2016-02-19,21.42,4,85.68
8173,17_2753,2015-12-24,2016-01-02,2016-01-10,2016-02-19,44.77,6,268.62
8173,41_2443,2015-12-24,2016-01-02,2016-01-10,2016-02-19,13.48,6,80.88
8173,41_3746,2015-12-24,2016-01-02,2016-01-10,2016-02-19,8.52,6,51.12
8173,5_8726,2015-12-24,2016-01-02,2016-01-10,2016-02-19,1.43,76,108.68
8173,17_4798,2015-12-24,2016-01-02,2016-01-10,2016-02-19,1.54,12,18.48
8173,41_4113,2015-12-24,2016-01-02,2016-01-10,2016-02-19,0.74,10,7.40
8173,5_2499,2015-12-24,2016-01-02,2016-01-10,2016-02-19,21.53,12,258.36
8173,41_3102,2015-12-24,2016-01-02,2016-01-10,2016-02-19,12.94,60,776.40
8173,5_8893,2015-12-24,2016-01-02,2016-01-10,2016-02-19,12.68,11,139.48
8173,37_5890,2015-12-24,2016-01-02,2016-01-10,2016-02-19,16.66,1,16.66
8173,5_4262,2015-12-24,2016-01-02,2016-01-10,2016-02-19,11.19,10,111.90
8173,5_3489,2015-12-24,2016-01-02,2016-01-10,2016-02-19,20.73,6,124.38
8173,5_2494,2015-12-24,2016-01-02,2016-01-10,2016-02-19,31.00,12,372.00
8173,17_5438,2015-12-24,2016-01-02,2016-01-10,2016-02-19,7.51,12,90.12
8173,5_3878,2015-12-24,2016-01-02,2016-01-10,2016-02-19,7.96,10,79.60
8173,17_3876,2015-12-24,2016-01-02,2016-01-10,2016-02-19,13.95,10,139.50
8173,17_3879,2015-12-24,2016-01-02,2016-01-10,2016-02-19,7.91,12,94.92
8173,17_4264,2015-12-24,2016-01-02,2016-01-10,2016-02-19,11.53,11,126.83
8173,5_8512,2015-12-24,2016-01-02,2016-01-10,2016-02-19,14.72,12,176.64
8173,5_3315,2015-12-24,2016-01-02,2016-01-10,2016-02-19,0.74,4,2.96
8173,41_3315,2015-12-24,2016-01-02,2016-01-10,2016-02-19,0.74,10,7.40
8173,17_2723,2015-12-24,2016-01-02,2016-01-10,2016-02-19,21.42,6,128.52
8173,41_5399,2015-12-24,2016-01-02,2016-01-10,2016-02-19,1.45,118,171.10
8173,17_3877,2015-12-24,2016-01-02,2016-01-10,2016-02-19,8.65,12,103.80
8173,5_8111,2015-12-24,2016-01-02,2016-01-10,2016-02-19,0.77,119,91.63
8173,17_4330,2015-12-24,2016-01-02,2016-01-10,2016-02-19,20.79,6,124.74
8173,17_4363,2015-12-24,2016-01-02,2016-01-10,2016-02-19,23.73,6,142.38
8173,5_2898,2015-12-24,2016-01-02,2016-01-10,2016-02-19,6.01,12,72.12
8173,17_1883,2015-12-24,2016-01-02,2016-01-10,2016-02-19,13.23,2,26.46
8173,41_4264,2015-12-24,2016-01-02,2016-01-10,2016-02-19,11.53,10,115.30
8173,5_3876,2015-12-24,2016-01-02,2016-01-10,2016-02-19,13.95,22,306.90
8173,5_8082,2015-12-24,2016-01-02,2016-01-10,2016-02-19,21.73,12,260.76
8173,40_8517,2015-12-24,2016-01-03,2016-01-10,2016-02-19,13.86,1,13.86
8173,5_5872,2015-12-24,2016-01-02,2016-01-10,2016-02-19,2.32,10,23.20
8173,25_3102,2015-12-24,2016-01-02,2016-01-10,2016-02-19,12.94,72,931.68
8173,25_3489,2015-12-24,2016-01-02,2016-01-10,2016-02-19,20.73,6,124.38
8173,41_597,2015-12-24,2016-01-02,2016-01-10,2016-02-19,21.53,1,21.53
8173,5_4261,2015-12-24,2016-01-02,2016-01-10,2016-02-19,16.17,46,743.82
8173,17_3606,2015-12-24,2016-01-02,2016-01-10,2016-02-19,0.74,10,7.40
8173,41_3609,2015-12-24,2016-01-02,2016-01-10,2016-02-19,0.74,119,88.06
8173,17_3746,2015-12-24,2016-01-02,2016-01-10,2016-02-19,8.52,6,51.12
8173,5_2432,2015-12-24,2016-01-02,2016-01-10,2016-02-19,17.59,21,369.39
8173,5_2465,2015-12-24,2016-01-02,2016-01-10,2016-02-19,2.15,58,124.70
8173,5_8680,2015-12-24,2016-01-02,2016-01-10,2016-02-19,28.88,6,173.28
8173,5_3606,2015-12-24,2016-01-02,2016-01-10,2016-02-19,0.74,110,81.40
8173,5_3690,2015-12-24,2016-01-02,2016-01-10,2016-02-19,22.39,3,67.17
8173,17_8441,2015-12-24,2016-01-02,2016-01-10,2016-02-19,8.92,12,107.04
8173,5_4264,2015-12-24,2016-01-02,2016-01-10,2016-02-19,11.53,11,126.83
8173,25_2757,2015-12-24,2016-01-02,2016-01-10,2016-02-19,22.38,6,134.28
8173,41_4261,2015-12-24,2016-01-02,2016-01-10,2016-02-19,16.17,7,113.19
8173,41_822,2015-12-24,2016-01-02,2016-01-10,2016-02-19,19.99,9,179.91
8173,41_3489,2015-12-24,2016-01-02,2016-01-10,2016-02-19,20.73,5,103.65
8173,41_2468,2015-12-24,2016-01-02,2016-01-10,2016-02-19,22.39,12,268.68
8173,5_8053,2015-12-24,2016-01-02,2016-01-10,2016-02-19,0.75,10,7.50
8173,17_4261,2015-12-24,2016-01-02,2016-01-10,2016-02-19,16.17,15,242.55
8173,41_3545,2015-12-24,2016-01-02,2016-01-10,2016-02-19,21.89,20,437.80
8173,17_3276,2015-12-24,2016-01-02,2016-01-10,2016-02-19,9.62,6,57.72
8173,5_4103,2015-12-24,2016-01-02,2016-01-10,2016-02-19,11.19,12,134.28
8173,5_4330,2015-12-24,2016-01-02,2016-01-10,2016-02-19,20.79,6,124.74
8173,5_3458,2015-12-24,2016-01-02,2016-01-10,2016-02-19,15.14,12,181.68
8173,5_3747,2015-12-24,2016-01-02,2016-01-10,2016-02-19,5.18,12,62.16
8173,17_3397,2015-12-24,2016-01-02,2016-01-10,2016-02-19,18.24,3,54.72
8173,17_3366,2015-12-24,2016-01-02,2016-01-10,2016-02-19,24.45,12,293.40
8173,5_2752,2015-12-24,2016-01-02,2016-01-10,2016-02-19,26.31,3,78.93
8173,5_5616,2015-12-24,2016-01-02,2016-01-10,2016-02-19,15.38,6,92.28
8173,5_1883,2015-12-24,2016-01-02,2016-01-10,2016-02-19,13.23,6,79.38
8173,17_497,2015-12-24,2016-01-02,2016-01-10,2016-02-19,14.70,12,176.40
8173,5_8517,2015-12-24,2016-01-02,2016-01-10,2016-02-19,13.86,12,166.32
8110,5_11440,2015-12-20,2016-01-02,2016-01-09,2016-02-19,9.14,4,36.56
8110,5_6854,2015-12-20,2016-01-02,2016-01-09,2016-02-19,9.86,4,39.44
8110,5_34133,2015-12-20,2016-01-02,2016-01-09,2016-02-19,6.12,12,73.44
8110,5_33874,2015-12-20,2016-01-02,2016-01-09,2016-02-19,6.62,6,39.72
8110,41_33149,2015-12-20,2016-01-02,2016-01-09,2016-02-19,4.79,10,47.90
8110,17_10421,2015-12-20,2016-01-02,2016-01-09,2016-02-19,5.90,6,35.40
8110,17_11440,2015-12-20,2016-01-02,2016-01-09,2016-02-19,9.14,4,36.56
8110,5_16289,2015-12-20,2016-01-02,2016-01-09,2016-02-19,5.19,12,62.28
8110,41_8036,2015-12-20,2016-01-02,2016-01-09,2016-02-19,8.27,4,33.08
8110,17_31487,2015-12-20,2016-01-02,2016-01-09,2016-02-19,5.29,12,63.48
8110,17_6854,2015-12-20,2016-01-02,2016-01-09,2016-02-19,9.86,4,39.44
8110,41_10421,2015-12-20,2016-01-02,2016-01-09,2016-02-19,5.90,5,29.50
8110,41_31487,2015-12-20,2016-01-02,2016-01-09,2016-02-19,5.29,11,58.19
8110,5_3180,2015-12-20,2016-01-02,2016-01-09,2016-02-19,10.94,5,54.70
8110,17_28889,2015-12-20,2016-01-02,2016-01-09,2016-02-19,10.61,4,42.44
8110,41_33874,2015-12-20,2016-01-02,2016-01-09,2016-02-19,6.62,18,119.16
8110,5_18857,2015-12-20,2016-01-02,2016-01-09,2016-02-19,4.02,12,48.24
8110,5_10421,2015-12-20,2016-01-02,2016-01-09,2016-02-19,5.90,6,35.40
8110,5_12747,2015-12-20,2016-01-02,2016-01-09,2016-02-19,3.28,12,39.36
8110,41_20357,2015-12-20,2016-01-02,2016-01-09,2016-02-19,5.19,12,62.28
8110,5_44037,2015-12-20,2016-01-02,2016-01-09,2016-02-19,3.42,12,41.04
8110,5_39593,2015-12-20,2016-01-02,2016-01-09,2016-02-19,6.33,12,75.96
8110,41_14006,2015-12-20,2016-01-02,2016-01-09,2016-02-19,5.44,12,65.28
8110,5_5404,2015-12-20,2016-01-02,2016-01-09,2016-02-19,4.32,23,99.36
8110,41_8214,2015-12-20,2016-01-02,2016-01-09,2016-02-19,7.40,12,88.80
8110,5_6173,2015-12-20,2016-01-02,2016-01-09,2016-02-19,5.51,3,16.53
8110,17_10727,2015-12-20,2016-01-02,2016-01-09,2016-02-19,5.41,12,64.92
8110,41_6266,2015-12-20,2016-01-02,2016-01-09,2016-02-19,5.06,6,30.36
8110,41_39413,2015-12-20,2016-01-02,2016-01-09,2016-02-19,5.06,9,45.54
8110,41_40545,2015-12-20,2016-01-02,2016-01-09,2016-02-19,9.93,3,29.79
8110,41_31489,2015-12-20,2016-01-02,2016-01-09,2016-02-19,5.71,4,22.84
8110,17_8032,2015-12-20,2016-01-02,2016-01-09,2016-02-19,5.26,12,63.12
8110,17_33149,2015-12-20,2016-01-02,2016-01-09,2016-02-19,4.79,11,52.69
8110,5_14006,2015-12-20,2016-01-02,2016-01-09,2016-02-19,5.44,21,114.24
8110,17_7715,2015-12-20,2016-01-02,2016-01-09,2016-02-19,3.01,12,36.12
8110,17_6660,2015-12-20,2016-01-02,2016-01-09,2016-02-19,10.27,4,41.08
8110,41_46447,2015-12-20,2016-01-02,2016-01-09,2016-02-19,6.12,12,73.44
8110,5_6285,2015-12-20,2016-01-02,2016-01-09,2016-02-19,6.62,6,39.72
8110,5_44038,2015-12-20,2016-01-02,2016-01-09,2016-02-19,5.86,6,35.16
8110,17_38899,2015-12-20,2016-01-02,2016-01-09,2016-02-19,7.28,12,87.36
8110,5_6266,2015-12-20,2016-01-02,2016-01-09,2016-02-19,5.06,6,30.36
8110,5_2164,2015-12-20,2016-01-02,2016-01-09,2016-02-19,12.14,5,60.70
8110,38_7374,2015-12-20,2016-01-01,2016-01-09,2016-02-19,6.86,1,6.86
8110,5_8032,2015-12-20,2016-01-02,2016-01-09,2016-02-19,5.26,12,63.12
8110,41_40337,2015-12-20,2016-01-02,2016-01-09,2016-02-19,6.57,12,78.84
8110,5_31489,2015-12-20,2016-01-02,2016-01-09,2016-02-19,5.71,6,34.26
8110,5_18856,2015-12-20,2016-01-02,2016-01-09,2016-02-19,3.92,12,47.04
8110,5_5444,2015-12-20,2016-01-02,2016-01-09,2016-02-19,14.49,4,57.96
8110,5_8450,2015-12-20,2016-01-02,2016-01-09,2016-02-19,13.86,5,69.30
8110,5_18106,2015-12-20,2016-01-02,2016-01-09,2016-02-19,7.14,6,42.84
8176,5_6542,2015-12-24,2016-01-02,2016-01-06,2016-02-12,3.71,36,133.56
8176,5_6692,2015-12-24,2016-01-02,2016-01-06,2016-02-12,6.68,36,240.48
8176,5_19175,2015-12-24,2016-01-02,2016-01-06,2016-02-12,7.38,12,88.56
8142,41_1355,2015-12-22,2016-01-02,2016-01-06,2016-02-19,2.59,5,12.95
8142,5_3221,2015-12-22,2016-01-02,2016-01-06,2016-02-19,7.93,11,87.23
8142,41_8023,2015-12-22,2016-01-02,2016-01-06,2016-02-19,3.28,11,36.08
8142,41_8172,2015-12-22,2016-01-02,2016-01-06,2016-02-19,0.71,9,6.39
8142,17_1359,2015-12-22,2016-01-02,2016-01-06,2016-02-19,21.87,3,65.61
8142,5_3020,2015-12-22,2016-01-02,2016-01-06,2016-02-19,7.99,12,95.88
8142,41_1358,2015-12-22,2016-01-02,2016-01-06,2016-02-19,42.85,6,257.10
8142,5_4194,2015-12-22,2016-01-02,2016-01-06,2016-02-19,9.48,6,56.88
8142,17_1476,2015-12-22,2016-01-02,2016-01-06,2016-02-19,16.05,18,288.90
8142,17_1348,2015-12-22,2016-01-02,2016-01-06,2016-02-19,11.84,3,35.52
8142,41_1385,2015-12-22,2016-01-02,2016-01-06,2016-02-19,20.45,10,204.50
8142,5_3915,2015-12-22,2016-01-02,2016-01-06,2016-02-19,9.48,12,113.76
8142,41_4677,2015-12-22,2016-01-02,2016-01-06,2016-02-19,34.61,6,207.66
8142,41_4678,2015-12-22,2016-01-02,2016-01-06,2016-02-19,16.78,12,201.36
8142,5_3726,2015-12-22,2016-01-02,2016-01-06,2016-02-19,3.78,9,34.02
8142,41_8066,2015-12-22,2016-01-02,2016-01-06,2016-02-19,7.13,5,35.65
8142,5_8819,2015-12-22,2016-01-02,2016-01-06,2016-02-19,5.10,11,56.10
8142,17_1382,2015-12-22,2016-01-02,2016-01-06,2016-02-19,28.56,1,28.56
8142,5_5031,2015-12-22,2016-01-02,2016-01-06,2016-02-19,11.71,6,70.26
8142,41_1376,2015-12-22,2016-01-02,2016-01-06,2016-02-19,16.29,10,162.90
8142,17_661,2015-12-22,2016-01-02,2016-01-06,2016-02-19,9.99,3,29.97
8142,5_661,2015-12-22,2016-01-02,2016-01-06,2016-02-19,9.99,12,119.88
8142,5_4269,2015-12-22,2016-01-02,2016-01-06,2016-02-19,9.22,6,55.32
8142,17_3253,2015-12-22,2016-01-02,2016-01-06,2016-02-19,9.08,5,45.40
8142,5_676,2015-12-22,2016-01-02,2016-01-06,2016-02-19,8.65,11,95.15
8142,17_4438,2015-12-22,2016-01-02,2016-01-06,2016-02-19,7.35,12,88.20
8142,17_4682,2015-12-22,2016-01-02,2016-01-06,2016-02-19,26.92,12,323.04
8142,41_3980,2015-12-22,2016-01-02,2016-01-06,2016-02-19,31.99,4,127.96
8142,5_1345,2015-12-22,2016-01-02,2016-01-06,2016-02-19,28.45,6,170.70
8142,17_3512,2015-12-22,2016-01-02,2016-01-06,2016-02-19,11.76,6,70.56
8142,41_1396,2015-12-22,2016-01-02,2016-01-06,2016-02-19,10.44,3,31.32
8142,41_5391,2015-12-22,2016-01-02,2016-01-06,2016-02-19,12.02,6,72.12
8142,5_4064,2015-12-22,2016-01-02,2016-01-06,2016-02-19,9.41,5,47.05
8142,5_1962,2015-12-22,2016-01-02,2016-01-06,2016-02-19,11.02,24,264.48
8142,41_1346,2015-12-22,2016-01-02,2016-01-06,2016-02-19,22.55,6,135.30
8142,41_1379,2015-12-22,2016-01-02,2016-01-06,2016-02-19,11.41,12,136.92
8142,5_1355,2015-12-22,2016-01-02,2016-01-06,2016-02-19,2.59,6,15.54
8142,5_5391,2015-12-22,2016-01-02,2016-01-06,2016-02-19,12.02,9,108.18
8142,5_5457,2015-12-22,2016-01-02,2016-01-06,2016-02-19,1.54,10,15.40
8142,25_1476,2015-12-22,2016-01-02,2016-01-06,2016-02-19,16.05,60,963.00
8142,17_3726,2015-12-22,2016-01-02,2016-01-06,2016-02-19,3.78,11,41.58
8142,5_2373,2015-12-22,2016-01-02,2016-01-06,2016-02-19,10.29,12,123.48
8142,5_1346,2015-12-22,2016-01-02,2016-01-06,2016-02-19,22.55,6,135.30
8142,38_3221,2015-12-22,2016-01-03,2016-01-06,2016-02-19,7.93,1,7.93
8142,5_3706,2015-12-22,2016-01-02,2016-01-06,2016-02-19,13.07,6,78.42
8142,17_5251,2015-12-22,2016-01-02,2016-01-06,2016-02-19,0.72,10,7.20
8142,5_5232,2015-12-22,2016-01-02,2016-01-06,2016-02-19,10.71,6,64.26
8142,5_3512,2015-12-22,2016-01-02,2016-01-06,2016-02-19,11.76,6,70.56
8142,5_1373,2015-12-22,2016-01-02,2016-01-06,2016-02-19,10.36,12,124.32
8142,41_5228,2015-12-22,2016-01-02,2016-01-06,2016-02-19,7.02,12,84.24
8142,41_8823,2015-12-22,2016-01-02,2016-01-06,2016-02-19,5.42,12,65.04
8142,17_5232,2015-12-22,2016-01-02,2016-01-06,2016-02-19,10.71,6,64.26
8142,5_1476,2015-12-22,2016-01-02,2016-01-06,2016-02-19,16.05,30,481.50
8142,17_4806,2015-12-22,2016-01-02,2016-01-06,2016-02-19,11.71,5,58.55
8142,17_3444,2015-12-22,2016-01-02,2016-01-06,2016-02-19,29.13,6,174.78
8142,25_2120,2015-12-22,2016-01-02,2016-01-06,2016-02-19,12.21,6,73.26
8142,41_3512,2015-12-22,2016-01-02,2016-01-06,2016-02-19,11.76,4,47.04
8112,41_8628,2015-12-20,2016-01-02,2016-01-11,2016-02-06,5.95,9,53.55
8112,17_8744,2015-12-20,2016-01-02,2016-01-11,2016-02-06,12.32,12,147.84
8112,41_19035,2015-12-20,2016-01-02,2016-01-11,2016-02-06,7.18,5,35.90
8157,41_6879,2015-12-23,2016-01-02,2016-01-10,2016-02-09,0.74,120,88.80
8157,5_4380,2015-12-23,2016-01-02,2016-01-10,2016-02-09,10.84,6,65.04
8157,5_3038,2015-12-23,2016-01-02,2016-01-10,2016-02-09,7.13,12,85.56
8157,5_4153,2015-12-23,2016-01-02,2016-01-10,2016-02-09,9.59,6,57.54
8157,17_3893,2015-12-23,2016-01-02,2016-01-10,2016-02-09,7.93,14,111.02
8157,41_2607,2015-12-23,2016-01-02,2016-01-10,2016-02-09,17.18,11,188.98
8157,5_4889,2015-12-23,2016-01-02,2016-01-10,2016-02-09,9.59,6,57.54
8157,5_5333,2015-12-23,2016-01-02,2016-01-10,2016-02-09,8.65,6,51.90
8157,5_4370,2015-12-23,2016-01-02,2016-01-10,2016-02-09,7.96,11,87.56
8157,5_3893,2015-12-23,2016-01-02,2016-01-10,2016-02-09,7.93,6,47.58
8157,17_4153,2015-12-23,2016-01-02,2016-01-10,2016-02-09,9.59,5,47.95
8157,5_2676,2015-12-23,2016-01-02,2016-01-10,2016-02-09,10.93,6,65.58
8157,5_39256,2015-12-23,2016-01-02,2016-01-10,2016-02-09,5.16,10,51.60
8157,17_3452,2015-12-23,2016-01-02,2016-01-10,2016-02-09,5.55,6,33.30
8157,41_2237,2015-12-23,2016-01-02,2016-01-10,2016-02-09,35.71,6,214.26
8157,17_4878,2015-12-23,2016-01-02,2016-01-10,2016-02-09,4.92,11,54.12
8157,5_44494,2015-12-23,2016-01-02,2016-01-10,2016-02-09,4.50,12,54.00
8157,5_4634,2015-12-23,2016-01-02,2016-01-10,2016-02-09,8.52,6,51.12
8157,17_3896,2015-12-23,2016-01-02,2016-01-10,2016-02-09,2.63,24,63.12
8157,5_3326,2015-12-23,2016-01-02,2016-01-10,2016-02-09,7.36,5,36.80
8157,5_3637,2015-12-23,2016-01-02,2016-01-10,2016-02-09,3.89,11,42.79
8157,41_3893,2015-12-23,2016-01-02,2016-01-10,2016-02-09,7.93,4,31.72
8157,5_3769,2015-12-23,2016-01-02,2016-01-10,2016-02-09,7.02,4,28.08
8157,5_2100,2015-12-23,2016-01-02,2016-01-10,2016-02-09,7.24,5,36.20
8157,41_8413,2015-12-23,2016-01-02,2016-01-10,2016-02-09,14.28,12,171.36
8157,5_4152,2015-12-23,2016-01-02,2016-01-10,2016-02-09,3.75,12,45.00
8157,17_3769,2015-12-23,2016-01-02,2016-01-10,2016-02-09,7.02,4,28.08
8157,5_27042,2015-12-23,2016-01-02,2016-01-10,2016-02-09,6.53,11,71.83
8157,5_7878,2015-12-23,2016-01-02,2016-01-10,2016-02-09,9.99,4,39.96
8157,5_4488,2015-12-23,2016-01-02,2016-01-10,2016-02-09,8.02,6,48.12
8157,5_38457,2015-12-23,2016-01-02,2016-01-10,2016-02-09,4.59,12,55.08
8157,41_3452,2015-12-23,2016-01-02,2016-01-10,2016-02-09,5.55,6,33.30
8157,5_3768,2015-12-23,2016-01-02,2016-01-10,2016-02-09,3.62,12,43.44
8157,41_3637,2015-12-23,2016-01-02,2016-01-10,2016-02-09,3.89,12,46.68
8128,41_6570,2015-12-21,2016-01-02,2016-01-09,2016-02-17,6.77,70,473.90
8128,41_24325,2015-12-21,2016-01-02,2016-01-09,2016-02-17,10.88,35,380.80
8128,41_45848,2015-12-21,2016-01-02,2016-01-09,2016-02-17,6.63,12,79.56
8128,41_6824,2015-12-21,2016-01-02,2016-01-09,2016-02-17,10.27,12,123.24
8128,5_45848,2015-12-21,2016-01-02,2016-01-09,2016-02-17,6.63,12,79.56
8128,17_21208,2015-12-21,2016-01-02,2016-01-09,2016-02-17,10.32,12,123.84
8128,41_6351,2015-12-21,2016-01-02,2016-01-09,2016-02-17,11.18,23,257.14
8128,5_6351,2015-12-21,2016-01-02,2016-01-09,2016-02-17,11.18,12,134.16
8128,5_6570,2015-12-21,2016-01-02,2016-01-09,2016-02-17,6.77,8,54.16
8180,5_5342,2015-12-24,2016-01-02,2016-01-08,2016-02-06,19.85,12,238.20
8180,5_3682,2015-12-24,2016-01-02,2016-01-08,2016-02-06,16.66,5,83.30
8180,41_8612,2015-12-24,2016-01-02,2016-01-08,2016-02-06,45.79,6,274.74
8180,41_3682,2015-12-24,2016-01-02,2016-01-08,2016-02-06,16.66,5,83.30
8180,17_5342,2015-12-24,2016-01-02,2016-01-08,2016-02-06,19.85,12,238.20
8180,41_5342,2015-12-24,2016-01-02,2016-01-08,2016-02-06,19.85,7,138.95
8115,5_43223,2015-12-20,2016-01-02,2016-01-10,2016-02-10,5.93,12,71.16
8115,5_42881,2015-12-20,2016-01-02,2016-01-10,2016-02-10,3.92,24,94.08
8115,41_43223,2015-12-20,2016-01-02,2016-01-10,2016-02-10,5.93,10,59.30
8115,41_43225,2015-12-20,2016-01-02,2016-01-10,2016-02-10,18.29,8,146.32
8115,41_36138,2015-12-20,2016-01-02,2016-01-10,2016-02-10,7.38,12,88.56
8163,41_5242,2015-12-23,2016-01-02,2016-01-08,2016-02-18,22.05,10,220.50
8163,41_758,2015-12-23,2016-01-02,2016-01-08,2016-02-18,28.77,4,115.08
8163,5_8280,2015-12-23,2016-01-02,2016-01-08,2016-02-18,8.90,12,106.80
8163,17_6186,2015-12-23,2016-01-02,2016-01-08,2016-02-18,7.84,8,62.72
8166,41_7535,2015-12-23,2016-01-02,2016-01-08,2016-02-11,4.44,12,53.28
8166,17_36558,2015-12-23,2016-01-02,2016-01-08,2016-02-11,6.66,6,39.96
8166,41_2834,2015-12-23,2016-01-02,2016-01-08,2016-02-11,12.30,6,73.80
8185,41_26948,2015-12-24,2016-01-02,2016-01-05,2016-02-04,11.53,12,138.36
8185,5_39384,2015-12-24,2016-01-02,2016-01-05,2016-02-04,8.96,3,26.88
8185,5_28147,2015-12-24,2016-01-02,2016-01-05,2016-02-04,7.14,24,171.36
8202,5_8112,2015-12-25,2016-01-02,2016-01-12,2016-02-04,19.52,6,117.12
8202,17_3630,2015-12-25,2016-01-02,2016-01-12,2016-02-04,19.83,6,118.98
8202,41_3936,2015-12-25,2016-01-02,2016-01-12,2016-02-04,15.21,9,136.89
8202,17_3427,2015-12-25,2016-01-02,2016-01-12,2016-02-04,17.85,6,107.10
8202,5_3938,2015-12-25,2016-01-02,2016-01-12,2016-02-04,12.49,11,137.39
8202,41_598,2015-12-25,2016-01-02,2016-01-12,2016-02-04,17.82,8,142.56
8202,41_8112,2015-12-25,2016-01-02,2016-01-12,2016-02-04,19.52,12,234.24
8146,41_18813,2015-12-22,2016-01-02,2016-01-06,2016-02-05,7.89,12,94.68
8146,17_16669,2015-12-22,2016-01-02,2016-01-06,2016-02-05,8.55,12,102.60
8146,41_18812,2015-12-22,2016-01-02,2016-01-06,2016-02-05,8.50,11,93.50
8147,5_32649,2015-12-22,2016-01-02,2016-01-05,2016-02-17,5.13,1,5.13
8147,41_32054,2015-12-22,2016-01-02,2016-01-05,2016-02-17,7.09,12,85.08
8147,17_41252,2015-12-22,2016-01-02,2016-01-05,2016-02-17,5.13,6,30.78
8147,17_18893,2015-12-22,2016-01-02,2016-01-05,2016-02-17,6.89,11,75.79
8147,41_33037,2015-12-22,2016-01-02,2016-01-05,2016-02-17,10.88,6,65.28
8147,17_8700,2015-12-22,2016-01-02,2016-01-05,2016-02-17,16.52,11,181.72
8147,41_31201,2015-12-22,2016-01-02,2016-01-05,2016-02-17,6.03,12,72.36
8147,17_33037,2015-12-22,2016-01-02,2016-01-05,2016-02-17,10.88,6,65.28
8147,41_8700,2015-12-22,2016-01-02,2016-01-05,2016-02-17,16.52,12,198.24
8147,17_35913,2015-12-22,2016-01-02,2016-01-05,2016-02-17,5.47,12,65.64
8147,41_23764,2015-12-22,2016-01-02,2016-01-05,2016-02-17,4.69,6,28.14
8147,17_16837,2015-12-22,2016-01-02,2016-01-05,2016-02-17,3.42,15,51.30
8147,17_6688,2015-12-22,2016-01-02,2016-01-05,2016-02-17,5.81,12,69.72
8147,41_8421,2015-12-22,2016-01-02,2016-01-05,2016-02-17,3.37,9,30.33
8147,41_17175,2015-12-22,2016-01-02,2016-01-05,2016-02-17,5.20,4,20.80
8148,5_29128,2015-12-22,2016-01-02,2016-01-09,2016-02-09,3.97,6,23.82
8148,5_43737,2015-12-22,2016-01-02,2016-01-09,2016-02-09,5.88,12,70.56
8148,17_6857,2015-12-22,2016-01-02,2016-01-09,2016-02-09,5.37,6,32.22
8148,5_41034,2015-12-22,2016-01-02,2016-01-09,2016-02-09,5.26,24,126.24
8148,56_43737,2015-12-22,2016-01-03,2016-01-09,2016-02-09,5.88,2,11.76
8148,41_41034,2015-12-22,2016-01-02,2016-01-09,2016-02-09,5.26,23,120.98
8148,41_29128,2015-12-22,2016-01-02,2016-01-09,2016-02-09,3.97,6,23.82
8148,41_21985,2015-12-22,2016-01-01,2016-01-09,2016-02-09,6.59,1,6.59
8148,41_21985,2015-12-22,2016-01-02,2016-01-09,2016-02-09,6.59,12,79.08
8148,5_25522,2015-12-22,2016-01-02,2016-01-09,2016-02-09,4.10,6,24.60
8168,5_2142,2015-12-23,2016-01-02,2016-01-06,2016-02-14,10.38,6,62.28
8249,36_2034,2015-12-30,2016-01-06,2016-01-11,2016-02-18,21.32,30,639.60
8249,8_2034,2015-12-30,2016-01-07,2016-01-11,2016-02-18,21.32,6,127.92
8208,55_8978,2015-12-27,2016-01-06,2016-01-14,2016-02-21,10.78,3,32.34
8208,55_22079,2015-12-27,2016-01-04,2016-01-14,2016-02-21,4.59,12,55.08
8208,38_6429,2015-12-27,2016-01-06,2016-01-14,2016-02-21,5.80,5,29.00
8208,5_18027,2015-12-27,2016-01-08,2016-01-14,2016-02-21,9.08,6,54.48
8208,8_18347,2015-12-27,2016-01-05,2016-01-14,2016-02-21,8.58,12,102.96
8208,36_16829,2015-12-27,2016-01-07,2016-01-14,2016-02-21,9.52,6,57.12
8208,36_6859,2015-12-27,2016-01-05,2016-01-14,2016-02-21,4.69,6,28.14
8208,35_8674,2015-12-27,2016-01-05,2016-01-14,2016-02-21,5.22,6,31.32
8208,58_6234,2015-12-27,2016-01-06,2016-01-14,2016-02-21,4.54,10,45.40
8208,36_8678,2015-12-27,2016-01-06,2016-01-14,2016-02-21,9.32,36,335.52
8208,8_8678,2015-12-27,2016-01-05,2016-01-14,2016-02-21,9.32,11,102.52
8208,55_8790,2015-12-27,2016-01-06,2016-01-14,2016-02-21,8.55,5,42.75
8208,36_6859,2015-12-27,2016-01-06,2016-01-14,2016-02-21,4.69,6,28.14
8208,38_8790,2015-12-27,2016-01-06,2016-01-14,2016-02-21,8.55,6,51.30
8208,8_8674,2015-12-27,2016-01-05,2016-01-14,2016-02-21,5.22,6,31.32
8208,60_18027,2015-12-27,2016-01-05,2016-01-14,2016-02-21,9.08,6,54.48
8208,36_18027,2015-12-27,2016-01-06,2016-01-14,2016-02-21,9.08,12,108.96
8208,40_18027,2015-12-27,2016-01-06,2016-01-14,2016-02-21,9.08,6,54.48
8208,42_8232,2015-12-27,2016-01-07,2016-01-14,2016-02-21,6.24,5,31.20
8208,55_6429,2015-12-27,2016-01-06,2016-01-14,2016-02-21,5.80,6,34.80
8208,42_8978,2015-12-27,2016-01-07,2016-01-14,2016-02-21,10.78,4,43.12
8208,35_12586,2015-12-27,2016-01-07,2016-01-14,2016-02-21,4.82,2,9.64
8208,60_6429,2015-12-27,2016-01-08,2016-01-14,2016-02-21,5.80,5,29.00
8208,37_12586,2015-12-27,2016-01-06,2016-01-14,2016-02-21,4.82,6,28.92
8208,25_8678,2015-12-27,2016-01-08,2016-01-14,2016-02-21,9.32,24,223.68
8208,42_8674,2015-12-27,2016-01-05,2016-01-14,2016-02-21,5.22,6,31.32
8208,41_23712,2015-12-27,2016-01-05,2016-01-14,2016-02-21,6.80,12,81.60
8208,55_6859,2015-12-27,2016-01-06,2016-01-14,2016-02-21,4.69,6,28.14
8208,35_18027,2015-12-27,2016-01-05,2016-01-14,2016-02-21,9.08,3,27.24
8208,60_18347,2015-12-27,2016-01-08,2016-01-14,2016-02-21,8.58,36,308.88
8208,5_12586,2015-12-27,2016-01-08,2016-01-14,2016-02-21,4.82,6,28.92
8210,42_1595,2015-12-27,2016-01-05,2016-01-15,2016-02-25,10.93,12,131.16
8210,42_1220,2015-12-27,2016-01-07,2016-01-15,2016-02-25,21.89,6,131.34
8210,37_5299,2015-12-27,2016-01-06,2016-01-15,2016-02-25,15.26,6,91.56
8210,42_1231,2015-12-27,2016-01-07,2016-01-15,2016-02-25,9.48,24,227.52
8210,41_8910,2015-12-27,2016-01-05,2016-01-15,2016-02-25,0.77,12,9.24
8210,56_5299,2015-12-27,2016-01-05,2016-01-15,2016-02-25,15.26,6,91.56
8210,37_1233,2015-12-27,2016-01-06,2016-01-15,2016-02-25,26.27,17,446.59
8210,8_1595,2015-12-27,2016-01-05,2016-01-15,2016-02-25,10.93,12,131.16
8210,25_3614,2015-12-27,2016-01-04,2016-01-15,2016-02-25,15.99,6,95.94
8210,42_1233,2015-12-27,2016-01-05,2016-01-15,2016-02-25,26.27,12,315.24
8210,17_1233,2015-12-27,2016-01-08,2016-01-15,2016-02-25,26.27,37,971.99
8210,35_1233,2015-12-27,2016-01-05,2016-01-15,2016-02-25,26.27,3,78.81
8210,60_5299,2015-12-27,2016-01-05,2016-01-15,2016-02-25,15.26,6,91.56
8210,38_811,2015-12-27,2016-01-06,2016-01-15,2016-02-25,19.84,3,59.52
8210,42_811,2015-12-27,2016-01-05,2016-01-15,2016-02-25,19.84,24,476.16
8210,41_44712,2015-12-27,2016-01-05,2016-01-15,2016-02-25,13.79,11,151.69
8210,60_5297,2015-12-27,2016-01-05,2016-01-15,2016-02-25,10.76,12,129.12
8210,60_5299,2015-12-27,2016-01-08,2016-01-15,2016-02-25,15.26,29,442.54
8210,8_2143,2015-12-27,2016-01-07,2016-01-15,2016-02-25,10.07,5,50.35
8210,42_811,2015-12-27,2016-01-07,2016-01-15,2016-02-25,19.84,24,476.16
8210,41_26949,2015-12-27,2016-01-05,2016-01-15,2016-02-25,15.53,12,186.36
8210,56_1233,2015-12-27,2016-01-05,2016-01-15,2016-02-25,26.27,35,919.45
8210,42_5296,2015-12-27,2016-01-07,2016-01-15,2016-02-25,21.01,12,252.12
8210,40_2062,2015-12-27,2016-01-06,2016-01-15,2016-02-25,44.11,3,132.33
8210,42_1233,2015-12-27,2016-01-07,2016-01-15,2016-02-25,26.27,14,367.78
8210,58_1233,2015-12-27,2016-01-06,2016-01-15,2016-02-25,26.27,4,105.08
8210,56_5296,2015-12-27,2016-01-05,2016-01-15,2016-02-25,21.01,12,252.12
8210,37_3614,2015-12-27,2016-01-06,2016-01-15,2016-02-25,15.99,6,95.94
8210,5_2143,2015-12-27,2016-01-08,2016-01-15,2016-02-25,10.07,17,171.19
8210,8_5197,2015-12-27,2016-01-05,2016-01-15,2016-02-25,5.75,24,138.00
8210,60_1545,2015-12-27,2016-01-05,2016-01-15,2016-02-25,19.42,12,233.04
8210,40_1595,2015-12-27,2016-01-06,2016-01-15,2016-02-25,10.93,12,131.16
8210,60_811,2015-12-27,2016-01-05,2016-01-15,2016-02-25,19.84,12,238.08
8210,8_2015,2015-12-27,2016-01-05,2016-01-15,2016-02-25,18.10,12,217.20
8210,42_1770,2015-12-27,2016-01-05,2016-01-15,2016-02-25,26.42,24,634.08
8210,41_8200,2015-12-27,2016-01-05,2016-01-15,2016-02-25,2.18,12,26.16
8210,8_2760,2015-12-27,2016-01-05,2016-01-15,2016-02-25,28.02,6,168.12
8210,60_2015,2015-12-27,2016-01-08,2016-01-15,2016-02-25,18.10,12,217.20
8210,41_3614,2015-12-27,2016-01-05,2016-01-15,2016-02-25,15.99,6,95.94
8210,8_5297,2015-12-27,2016-01-05,2016-01-15,2016-02-25,10.76,12,129.12
8210,42_62,2015-12-27,2016-01-05,2016-01-15,2016-02-25,28.67,3,86.01
8210,60_8200,2015-12-27,2016-01-05,2016-01-15,2016-02-25,2.18,12,26.16
8210,35_5296,2015-12-27,2016-01-05,2016-01-15,2016-02-25,21.01,5,105.05
8210,36_1220,2015-12-27,2016-01-05,2016-01-15,2016-02-25,21.89,6,131.34
8210,60_2143,2015-12-27,2016-01-08,2016-01-15,2016-02-25,10.07,6,60.42
8210,8_62,2015-12-27,2016-01-05,2016-01-15,2016-02-25,28.67,6,172.02
8210,55_12227,2015-12-27,2016-01-06,2016-01-15,2016-02-25,8.44,15,126.60
8210,36_2062,2015-12-27,2016-01-05,2016-01-15,2016-02-25,44.11,3,132.33
8210,37_1545,2015-12-27,2016-01-06,2016-01-15,2016-02-25,19.42,12,233.04
8210,55_5197,2015-12-27,2016-01-06,2016-01-15,2016-02-25,5.75,24,138.00
8210,36_1231,2015-12-27,2016-01-05,2016-01-15,2016-02-25,9.48,24,227.52
8210,17_2143,2015-12-27,2016-01-08,2016-01-15,2016-02-25,10.07,11,110.77
8210,55_1465,2015-12-27,2016-01-06,2016-01-15,2016-02-25,11.02,11,121.22
8210,55_811,2015-12-27,2016-01-06,2016-01-15,2016-02-25,19.84,12,238.08
8210,35_1323,2015-12-27,2016-01-05,2016-01-15,2016-02-25,13.59,6,81.54
8210,41_8033,2015-12-27,2016-01-05,2016-01-15,2016-02-25,2.30,10,23.00
8210,37_5297,2015-12-27,2016-01-06,2016-01-15,2016-02-25,10.76,12,129.12
8210,55_1232,2015-12-27,2016-01-06,2016-01-15,2016-02-25,15.93,7,111.51
8210,56_1545,2015-12-27,2016-01-05,2016-01-15,2016-02-25,19.42,12,233.04
8210,42_63,2015-12-27,2016-01-05,2016-01-15,2016-02-25,30.46,3,91.38
8210,60_1220,2015-12-27,2016-01-05,2016-01-15,2016-02-25,21.89,6,131.34
8210,37_2760,2015-12-27,2016-01-06,2016-01-15,2016-02-25,28.02,6,168.12
8210,60_811,2015-12-27,2016-01-08,2016-01-15,2016-02-25,19.84,10,198.40
8210,5_1232,2015-12-27,2016-01-08,2016-01-15,2016-02-25,15.93,9,143.37
8210,58_2143,2015-12-27,2016-01-06,2016-01-15,2016-02-25,10.07,6,60.42
8210,38_1867,2015-12-27,2016-01-06,2016-01-15,2016-02-25,2.15,8,17.20
8210,60_8288,2015-12-27,2016-01-05,2016-01-15,2016-02-25,7.94,15,119.10
8210,58_1220,2015-12-27,2016-01-06,2016-01-15,2016-02-25,21.89,6,131.34
8210,60_8342,2015-12-27,2016-01-05,2016-01-15,2016-02-25,8.21,15,123.15
8210,55_5299,2015-12-27,2016-01-06,2016-01-15,2016-02-25,15.26,5,76.30
8210,40_1220,2015-12-27,2016-01-06,2016-01-15,2016-02-25,21.89,6,131.34
8210,8_1233,2015-12-27,2016-01-07,2016-01-15,2016-02-25,26.27,3,78.81
8210,8_1233,2015-12-27,2016-01-05,2016-01-15,2016-02-25,26.27,17,446.59
8210,36_8033,2015-12-27,2016-01-05,2016-01-15,2016-02-25,2.30,7,16.10
8210,5_5296,2015-12-27,2016-01-08,2016-01-15,2016-02-25,21.01,6,126.06
8210,8_1323,2015-12-27,2016-01-07,2016-01-15,2016-02-25,13.59,6,81.54
8210,58_8910,2015-12-27,2016-01-06,2016-01-15,2016-02-25,0.77,120,92.40
8210,58_1789,2015-12-27,2016-01-06,2016-01-15,2016-02-25,17.16,12,205.92
8210,38_3614,2015-12-27,2016-01-06,2016-01-15,2016-02-25,15.99,6,95.94
8210,55_1233,2015-12-27,2016-01-06,2016-01-15,2016-02-25,26.27,12,315.24
8210,40_811,2015-12-27,2016-01-06,2016-01-15,2016-02-25,19.84,1,19.84
8210,56_2143,2015-12-27,2016-01-05,2016-01-15,2016-02-25,10.07,6,60.42
8210,8_171,2015-12-27,2016-01-05,2016-01-15,2016-02-25,36.76,6,220.56
8210,36_44712,2015-12-27,2016-01-05,2016-01-15,2016-02-25,13.79,12,165.48
8210,60_6195,2015-12-27,2016-01-05,2016-01-15,2016-02-25,19.04,6,114.24
8210,36_1233,2015-12-27,2016-01-07,2016-01-15,2016-02-25,26.27,4,105.08
8210,41_1233,2015-12-27,2016-01-05,2016-01-15,2016-02-25,26.27,9,236.43
8210,41_5296,2015-12-27,2016-01-05,2016-01-15,2016-02-25,21.01,6,126.06
8210,42_5297,2015-12-27,2016-01-07,2016-01-15,2016-02-25,10.76,12,129.12
8210,42_5299,2015-12-27,2016-01-05,2016-01-15,2016-02-25,15.26,6,91.56
8210,36_1233,2015-12-27,2016-01-05,2016-01-15,2016-02-25,26.27,19,499.13
8210,42_8342,2015-12-27,2016-01-05,2016-01-15,2016-02-25,8.21,15,123.15
8210,17_5299,2015-12-27,2016-01-08,2016-01-15,2016-02-25,15.26,6,91.56
8210,55_2143,2015-12-27,2016-01-06,2016-01-15,2016-02-25,10.07,5,50.35
8210,8_4767,2015-12-27,2016-01-05,2016-01-15,2016-02-25,19.28,6,115.68
8210,42_5299,2015-12-27,2016-01-07,2016-01-15,2016-02-25,15.26,12,183.12
8210,36_5296,2015-12-27,2016-01-05,2016-01-15,2016-02-25,21.01,6,126.06
8210,8_8033,2015-12-27,2016-01-05,2016-01-15,2016-02-25,2.30,120,276.00
8210,55_5296,2015-12-27,2016-01-06,2016-01-15,2016-02-25,21.01,6,126.06
8210,8_1232,2015-12-27,2016-01-05,2016-01-15,2016-02-25,15.93,23,366.39
8210,17_811,2015-12-27,2016-01-08,2016-01-15,2016-02-25,19.84,12,238.08
8210,42_1789,2015-12-27,2016-01-07,2016-01-15,2016-02-25,17.16,24,411.84
8210,37_5296,2015-12-27,2016-01-06,2016-01-15,2016-02-25,21.01,6,126.06
8210,60_1233,2015-12-27,2016-01-05,2016-01-15,2016-02-25,26.27,18,472.86
8210,58_1770,2015-12-27,2016-01-06,2016-01-15,2016-02-25,26.42,6,158.52
8210,36_44712,2015-12-27,2016-01-06,2016-01-15,2016-02-25,13.79,24,330.96
8210,42_3614,2015-12-27,2016-01-05,2016-01-15,2016-02-25,15.99,6,95.94
8210,42_8910,2015-12-27,2016-01-07,2016-01-15,2016-02-25,0.77,120,92.40
8210,60_1233,2015-12-27,2016-01-08,2016-01-15,2016-02-25,26.27,5,131.35
8210,42_5297,2015-12-27,2016-01-05,2016-01-15,2016-02-25,10.76,12,129.12
8210,41_5298,2015-12-27,2016-01-05,2016-01-15,2016-02-25,12.77,12,153.24
8210,55_1233,2015-12-27,2016-01-04,2016-01-15,2016-02-25,26.27,11,288.97
8210,40_8200,2015-12-27,2016-01-06,2016-01-15,2016-02-25,2.18,12,26.16
8210,38_8200,2015-12-27,2016-01-06,2016-01-15,2016-02-25,2.18,12,26.16
8269,8_3794,2015-12-31,2016-01-07,2016-01-19,2016-02-19,27.77,6,166.62
8269,58_3826,2015-12-31,2016-01-06,2016-01-19,2016-02-19,15.74,12,188.88
8269,25_8462,2015-12-31,2016-01-08,2016-01-19,2016-02-19,15.82,12,189.84
8269,8_408,2015-12-31,2016-01-05,2016-01-19,2016-02-19,12.97,12,155.64
8269,58_3834,2015-12-31,2016-01-06,2016-01-19,2016-02-19,10.23,12,122.76
8269,38_8205,2015-12-31,2016-01-06,2016-01-19,2016-02-19,1.53,12,18.36
8269,5_8187,2015-12-31,2016-01-08,2016-01-19,2016-02-19,13.17,12,158.04
8269,58_8462,2015-12-31,2016-01-06,2016-01-19,2016-02-19,15.82,12,189.84
8269,36_8187,2015-12-31,2016-01-05,2016-01-19,2016-02-19,13.17,12,158.04
8269,41_3837,2015-12-31,2016-01-05,2016-01-19,2016-02-19,0.72,120,86.40
8269,60_3826,2015-12-31,2016-01-05,2016-01-19,2016-02-19,15.74,17,267.58
8269,38_3172,2015-12-31,2016-01-06,2016-01-19,2016-02-19,10.31,12,123.72
8269,36_3834,2015-12-31,2016-01-05,2016-01-19,2016-02-19,10.23,12,122.76
8269,8_8677,2015-12-31,2016-01-07,2016-01-19,2016-02-19,27.47,6,164.82
8269,55_3794,2015-12-31,2016-01-06,2016-01-19,2016-02-19,27.77,6,166.62
8269,42_8462,2015-12-31,2016-01-07,2016-01-19,2016-02-19,15.82,11,174.02
8269,42_3826,2015-12-31,2016-01-05,2016-01-19,2016-02-19,15.74,4,62.96
8269,5_3826,2015-12-31,2016-01-08,2016-01-19,2016-02-19,15.74,6,94.44
8269,8_3826,2015-12-31,2016-01-05,2016-01-19,2016-02-19,15.74,11,173.14
8269,35_3826,2015-12-31,2016-01-07,2016-01-19,2016-02-19,15.74,6,94.44
8269,25_5142,2015-12-31,2016-01-08,2016-01-19,2016-02-19,17.45,6,104.70
8269,8_3826,2015-12-31,2016-01-07,2016-01-19,2016-02-19,15.74,4,62.96
8269,5_3834,2015-12-31,2016-01-08,2016-01-19,2016-02-19,10.23,12,122.76
8269,42_8205,2015-12-31,2016-01-05,2016-01-19,2016-02-19,1.53,12,18.36
8269,40_3837,2015-12-31,2016-01-06,2016-01-19,2016-02-19,0.72,110,79.20
8269,36_3826,2015-12-31,2016-01-06,2016-01-19,2016-02-19,15.74,6,94.44
8269,42_3818,2015-12-31,2016-01-07,2016-01-19,2016-02-19,21.73,3,65.19
8269,42_3921,2015-12-31,2016-01-07,2016-01-19,2016-02-19,17.90,6,107.40
8269,38_178,2015-12-31,2016-01-06,2016-01-19,2016-02-19,20.76,6,124.56
8269,60_3837,2015-12-31,2016-01-08,2016-01-19,2016-02-19,0.72,120,86.40
8269,42_3826,2015-12-31,2016-01-07,2016-01-19,2016-02-19,15.74,12,188.88
8269,41_3924,2015-12-31,2016-01-05,2016-01-19,2016-02-19,17.38,3,52.14
8269,55_3826,2015-12-31,2016-01-04,2016-01-19,2016-02-19,15.74,5,78.70
8269,35_8085,2015-12-31,2016-01-05,2016-01-19,2016-02-19,25.59,6,153.54
8269,58_3918,2015-12-31,2016-01-06,2016-01-19,2016-02-19,33.07,3,99.21
8269,42_3837,2015-12-31,2016-01-05,2016-01-19,2016-02-19,0.72,120,86.40
8269,8_3837,2015-12-31,2016-01-07,2016-01-19,2016-02-19,0.72,120,86.40
8269,8_5128,2015-12-31,2016-01-05,2016-01-19,2016-02-19,8.98,12,107.76
8269,8_5358,2015-12-31,2016-01-07,2016-01-19,2016-02-19,18.83,6,112.98
8269,58_178,2015-12-31,2016-01-06,2016-01-19,2016-02-19,20.76,3,62.28
8269,55_3826,2015-12-31,2016-01-06,2016-01-19,2016-02-19,15.74,18,283.32
8269,58_8205,2015-12-31,2016-01-06,2016-01-19,2016-02-19,1.53,12,18.36
8269,55_8107,2015-12-31,2016-01-04,2016-01-19,2016-02-19,26.71,6,160.26
8269,41_8205,2015-12-31,2016-01-05,2016-01-19,2016-02-19,1.53,9,13.77
8269,37_3826,2015-12-31,2016-01-06,2016-01-19,2016-02-19,15.74,24,377.76
8269,36_3918,2015-12-31,2016-01-05,2016-01-19,2016-02-19,33.07,3,99.21
8269,40_3826,2015-12-31,2016-01-06,2016-01-19,2016-02-19,15.74,6,94.44
8269,38_3826,2015-12-31,2016-01-06,2016-01-19,2016-02-19,15.74,12,188.88
8269,60_8205,2015-12-31,2016-01-05,2016-01-19,2016-02-19,1.53,12,18.36
8269,55_3924,2015-12-31,2016-01-06,2016-01-19,2016-02-19,17.38,6,104.28
8269,41_8107,2015-12-31,2016-01-05,2016-01-19,2016-02-19,26.71,6,160.26
8269,37_3918,2015-12-31,2016-01-06,2016-01-19,2016-02-19,33.07,6,198.42
8252,35_2114,2015-12-30,2016-01-05,2016-01-12,2016-02-11,9.41,1,9.41
8252,5_6213,2015-12-30,2016-01-08,2016-01-12,2016-02-11,5.51,6,33.06
8252,55_3913,2015-12-30,2016-01-04,2016-01-12,2016-02-11,14.28,4,57.12
8252,17_38181,2015-12-30,2016-01-08,2016-01-12,2016-02-11,3.97,12,47.64
8252,38_8498,2015-12-30,2016-01-06,2016-01-12,2016-02-11,5.84,6,35.04
8252,36_40097,2015-12-30,2016-01-05,2016-01-12,2016-02-11,10.59,5,52.95
8252,42_6213,2015-12-30,2016-01-07,2016-01-12,2016-02-11,5.51,6,33.06
8252,56_13461,2015-12-30,2016-01-05,2016-01-12,2016-02-11,5.88,4,23.52
8252,36_40096,2015-12-30,2016-01-05,2016-01-12,2016-02-11,10.52,6,63.12
8252,36_40098,2015-12-30,2016-01-05,2016-01-12,2016-02-11,10.38,12,124.56
8252,58_28262,2015-12-30,2016-01-06,2016-01-12,2016-02-11,5.15,6,30.90
8252,58_40098,2015-12-30,2016-01-06,2016-01-12,2016-02-11,10.38,6,62.28
8252,60_18758,2015-12-30,2016-01-08,2016-01-12,2016-02-11,6.62,12,79.44
8252,58_32915,2015-12-30,2016-01-06,2016-01-12,2016-02-11,9.99,12,119.88
8252,8_7254,2015-12-30,2016-01-05,2016-01-12,2016-02-11,5.36,12,64.32
8252,40_40097,2015-12-30,2016-01-06,2016-01-12,2016-02-11,10.59,6,63.54
8252,41_38179,2015-12-30,2016-01-05,2016-01-12,2016-02-11,4.13,12,49.56
8252,41_28258,2015-12-30,2016-01-05,2016-01-12,2016-02-11,5.36,6,32.16
8252,41_6213,2015-12-30,2016-01-05,2016-01-12,2016-02-11,5.51,6,33.06
8252,56_26134,2015-12-30,2016-01-05,2016-01-12,2016-02-11,6.07,12,72.84
8252,60_31231,2015-12-30,2016-01-05,2016-01-12,2016-02-11,6.49,12,77.88
8252,60_2114,2015-12-30,2016-01-05,2016-01-12,2016-02-11,9.41,40,376.40
8252,25_27835,2015-12-30,2016-01-04,2016-01-12,2016-02-11,9.14,12,109.68
8252,8_3804,2015-12-30,2016-01-07,2016-01-12,2016-02-11,7.63,12,91.56
8252,8_6565,2015-12-30,2016-01-05,2016-01-12,2016-02-11,5.99,12,71.88
8252,55_41751,2015-12-30,2016-01-06,2016-01-12,2016-02-11,6.20,12,74.40
8252,8_8504,2015-12-30,2016-01-05,2016-01-12,2016-02-11,5.84,18,105.12
8252,25_27867,2015-12-30,2016-01-08,2016-01-12,2016-02-11,4.72,6,28.32
8252,41_22143,2015-12-30,2016-01-05,2016-01-12,2016-02-11,10.52,10,105.20
8252,42_29212,2015-12-30,2016-01-05,2016-01-12,2016-02-11,4.59,12,55.08
8252,56_2114,2015-12-30,2016-01-05,2016-01-12,2016-02-11,9.41,11,103.51
8252,56_28947,2015-12-30,2016-01-05,2016-01-12,2016-02-11,5.91,12,70.92
8252,35_6396,2015-12-30,2016-01-07,2016-01-12,2016-02-11,5.12,5,25.60
8252,38_40096,2015-12-30,2016-01-06,2016-01-12,2016-02-11,10.52,6,63.12
8252,37_27835,2015-12-30,2016-01-06,2016-01-12,2016-02-11,9.14,12,109.68
8252,40_16260,2015-12-30,2016-01-06,2016-01-12,2016-02-11,7.58,11,83.38
8252,8_28258,2015-12-30,2016-01-05,2016-01-12,2016-02-11,5.36,6,32.16
8252,41_35472,2015-12-30,2016-01-05,2016-01-12,2016-02-11,5.88,6,35.28
8252,58_3804,2015-12-30,2016-01-06,2016-01-12,2016-02-11,7.63,11,83.93
8252,37_17748,2015-12-30,2016-01-06,2016-01-12,2016-02-11,2.75,11,30.25
8252,60_6273,2015-12-30,2016-01-05,2016-01-12,2016-02-11,4.66,6,27.96
8252,8_40098,2015-12-30,2016-01-05,2016-01-12,2016-02-11,10.38,6,62.28
8252,60_8985,2015-12-30,2016-01-05,2016-01-12,2016-02-11,4.44,12,53.28
8252,8_27867,2015-12-30,2016-01-05,2016-01-12,2016-02-11,4.72,6,28.32
8252,56_28260,2015-12-30,2016-01-05,2016-01-12,2016-02-11,5.19,6,31.14
8252,42_3804,2015-12-30,2016-01-05,2016-01-12,2016-02-11,7.63,12,91.56
8252,42_31231,2015-12-30,2016-01-07,2016-01-12,2016-02-11,6.49,12,77.88
8252,42_3913,2015-12-30,2016-01-07,2016-01-12,2016-02-11,14.28,15,214.20
8252,60_8689,2015-12-30,2016-01-05,2016-01-12,2016-02-11,6.49,4,25.96
8252,42_25269,2015-12-30,2016-01-07,2016-01-12,2016-02-11,4.62,12,55.44
8252,35_38850,2015-12-30,2016-01-05,2016-01-12,2016-02-11,4.65,12,55.80
8252,60_15892,2015-12-30,2016-01-08,2016-01-12,2016-02-11,3.37,11,37.07
8252,56_6216,2015-12-30,2016-01-05,2016-01-12,2016-02-11,5.40,6,32.40
8252,38_8504,2015-12-30,2016-01-06,2016-01-12,2016-02-11,5.84,6,35.04
8252,38_8689,2015-12-30,2016-01-06,2016-01-12,2016-02-11,6.49,4,25.96
8252,17_6273,2015-12-30,2016-01-08,2016-01-12,2016-02-11,4.66,6,27.96
8252,36_2114,2015-12-30,2016-01-07,2016-01-12,2016-02-11,9.41,5,47.05
8252,36_2114,2015-12-30,2016-01-05,2016-01-12,2016-02-11,9.41,3,28.23
8252,38_28947,2015-12-30,2016-01-06,2016-01-12,2016-02-11,5.91,6,35.46
8252,42_21957,2015-12-30,2016-01-05,2016-01-12,2016-02-11,4.82,12,57.84
8252,42_2114,2015-12-30,2016-01-05,2016-01-12,2016-02-11,9.41,6,56.46
8252,8_10723,2015-12-30,2016-01-05,2016-01-12,2016-02-11,6.20,6,37.20
8252,41_8504,2015-12-30,2016-01-05,2016-01-12,2016-02-11,5.84,6,35.04
8252,41_19748,2015-12-30,2016-01-05,2016-01-12,2016-02-11,9.20,10,92.00
8252,41_28947,2015-12-30,2016-01-05,2016-01-12,2016-02-11,5.91,12,70.92
8252,60_38441,2015-12-30,2016-01-05,2016-01-12,2016-02-11,6.70,12,80.40
8252,60_24592,2015-12-30,2016-01-05,2016-01-12,2016-02-11,4.69,6,28.14
8252,55_6682,2015-12-30,2016-01-04,2016-01-12,2016-02-11,6.03,5,30.15
8252,35_3913,2015-12-30,2016-01-07,2016-01-12,2016-02-11,14.28,6,85.68
8252,37_6650,2015-12-30,2016-01-06,2016-01-12,2016-02-11,7.38,11,81.18
8252,8_6360,2015-12-30,2016-01-05,2016-01-12,2016-02-11,9.26,4,37.04
8252,5_2114,2015-12-30,2016-01-08,2016-01-12,2016-02-11,9.41,23,216.43
8252,58_7254,2015-12-30,2016-01-06,2016-01-12,2016-02-11,5.36,12,64.32
8252,17_3804,2015-12-30,2016-01-08,2016-01-12,2016-02-11,7.63,11,83.93
8252,36_16260,2015-12-30,2016-01-05,2016-01-12,2016-02-11,7.58,12,90.96
8252,41_26092,2015-12-30,2016-01-05,2016-01-12,2016-02-11,4.79,12,57.48
8252,35_18817,2015-12-30,2016-01-05,2016-01-12,2016-02-11,8.60,12,103.20
8252,25_19748,2015-12-30,2016-01-08,2016-01-12,2016-02-11,9.20,18,165.60
8252,17_40096,2015-12-30,2016-01-08,2016-01-12,2016-02-11,10.52,6,63.12
8252,42_28947,2015-12-30,2016-01-05,2016-01-12,2016-02-11,5.91,6,35.46
8252,42_28947,2015-12-30,2016-01-07,2016-01-12,2016-02-11,5.91,6,35.46
8252,40_6214,2015-12-30,2016-01-06,2016-01-12,2016-02-11,9.08,4,36.32
8252,5_42413,2015-12-30,2016-01-08,2016-01-12,2016-02-11,5.84,12,70.08
8252,8_6214,2015-12-30,2016-01-07,2016-01-12,2016-02-11,9.08,4,36.32
8252,42_8504,2015-12-30,2016-01-07,2016-01-12,2016-02-11,5.84,12,70.08
8252,56_42413,2015-12-30,2016-01-05,2016-01-12,2016-02-11,5.84,6,35.04
8252,60_3913,2015-12-30,2016-01-05,2016-01-12,2016-02-11,14.28,18,257.04
8252,37_6938,2015-12-30,2016-01-06,2016-01-12,2016-02-11,4.69,18,84.42
8252,17_2830,2015-12-30,2016-01-08,2016-01-12,2016-02-11,10.44,12,125.28
8252,38_6213,2015-12-30,2016-01-06,2016-01-12,2016-02-11,5.51,12,66.12
8252,58_19748,2015-12-30,2016-01-06,2016-01-12,2016-02-11,9.20,6,55.20
8252,41_18758,2015-12-30,2016-01-05,2016-01-12,2016-02-11,6.62,12,79.44
8252,42_40097,2015-12-30,2016-01-07,2016-01-12,2016-02-11,10.59,6,63.54
8252,37_3913,2015-12-30,2016-01-06,2016-01-12,2016-02-11,14.28,6,85.68
8252,60_6938,2015-12-30,2016-01-08,2016-01-12,2016-02-11,4.69,10,46.90
8252,42_29248,2015-12-30,2016-01-07,2016-01-12,2016-02-11,6.53,12,78.36
8252,35_6213,2015-12-30,2016-01-07,2016-01-12,2016-02-11,5.51,6,33.06
8252,36_19748,2015-12-30,2016-01-05,2016-01-12,2016-02-11,9.20,5,46.00
8252,58_6938,2015-12-30,2016-01-06,2016-01-12,2016-02-11,4.69,24,112.56
8252,40_38546,2015-12-30,2016-01-06,2016-01-12,2016-02-11,5.06,11,55.66
8252,35_26463,2015-12-30,2016-01-05,2016-01-12,2016-02-11,4.65,12,55.80
8252,56_27867,2015-12-30,2016-01-05,2016-01-12,2016-02-11,4.72,6,28.32
8252,42_6682,2015-12-30,2016-01-05,2016-01-12,2016-02-11,6.03,17,102.51
8252,35_38502,2015-12-30,2016-01-05,2016-01-12,2016-02-11,4.57,12,54.84
8252,25_24592,2015-12-30,2016-01-04,2016-01-12,2016-02-11,4.69,6,28.14
8252,8_6938,2015-12-30,2016-01-07,2016-01-12,2016-02-11,4.69,17,79.73
8252,56_35472,2015-12-30,2016-01-05,2016-01-12,2016-02-11,5.88,12,70.56
8252,8_28579,2015-12-30,2016-01-07,2016-01-12,2016-02-11,3.24,12,38.88
8252,25_29248,2015-12-30,2016-01-08,2016-01-12,2016-02-11,6.53,12,78.36
8252,8_38546,2015-12-30,2016-01-05,2016-01-12,2016-02-11,5.06,48,242.88
8252,55_8504,2015-12-30,2016-01-06,2016-01-12,2016-02-11,5.84,12,70.08
8252,55_8504,2015-12-30,2016-01-04,2016-01-12,2016-02-11,5.84,11,64.24
8252,42_8155,2015-12-30,2016-01-05,2016-01-12,2016-02-11,3.28,23,75.44
8252,36_40193,2015-12-30,2016-01-05,2016-01-12,2016-02-11,4.83,12,57.96
8252,58_37792,2015-12-30,2016-01-06,2016-01-12,2016-02-11,4.63,12,55.56
8252,37_6682,2015-12-30,2016-01-06,2016-01-12,2016-02-11,6.03,6,36.18
8252,8_40097,2015-12-30,2016-01-07,2016-01-12,2016-02-11,10.59,6,63.54
8252,60_44208,2015-12-30,2016-01-05,2016-01-12,2016-02-11,10.95,6,65.70
8252,8_6356,2015-12-30,2016-01-07,2016-01-12,2016-02-11,5.16,6,30.96
8252,8_42212,2015-12-30,2016-01-05,2016-01-12,2016-02-11,4.07,11,44.77
8252,37_16327,2015-12-30,2016-01-06,2016-01-12,2016-02-11,2.61,12,31.32
8252,37_16328,2015-12-30,2016-01-06,2016-01-12,2016-02-11,2.75,12,33.00
8252,37_3150,2015-12-30,2016-01-06,2016-01-12,2016-02-11,8.65,12,103.80
8252,55_6682,2015-12-30,2016-01-06,2016-01-12,2016-02-11,6.03,6,36.18
8252,41_32915,2015-12-30,2016-01-05,2016-01-12,2016-02-11,9.99,11,109.89
8252,58_6565,2015-12-30,2016-01-06,2016-01-12,2016-02-11,5.99,12,71.88
8252,41_42602,2015-12-30,2016-01-05,2016-01-12,2016-02-11,5.88,12,70.56
8252,56_6329,2015-12-30,2016-01-05,2016-01-12,2016-02-11,6.20,6,37.20
8252,58_26463,2015-12-30,2016-01-06,2016-01-12,2016-02-11,4.65,12,55.80
8252,40_16328,2015-12-30,2016-01-06,2016-01-12,2016-02-11,2.75,11,30.25
8252,41_16260,2015-12-30,2016-01-05,2016-01-12,2016-02-11,7.58,12,90.96
8252,38_6329,2015-12-30,2016-01-06,2016-01-12,2016-02-11,6.20,6,37.20
8252,42_6329,2015-12-30,2016-01-07,2016-01-12,2016-02-11,6.20,6,37.20
8252,41_6682,2015-12-30,2016-01-05,2016-01-12,2016-02-11,6.03,18,108.54
8252,41_8498,2015-12-30,2016-01-05,2016-01-12,2016-02-11,5.84,6,35.04
8252,36_40097,2015-12-30,2016-01-07,2016-01-12,2016-02-11,10.59,4,42.36
8252,58_8498,2015-12-30,2016-01-06,2016-01-12,2016-02-11,5.84,5,29.20
8252,55_44208,2015-12-30,2016-01-06,2016-01-12,2016-02-11,10.95,5,54.75
8252,58_38546,2015-12-30,2016-01-06,2016-01-12,2016-02-11,5.06,36,182.16
8252,58_8892,2015-12-30,2016-01-06,2016-01-12,2016-02-11,17.00,3,51.00
8252,8_6329,2015-12-30,2016-01-05,2016-01-12,2016-02-11,6.20,6,37.20
8252,38_6360,2015-12-30,2016-01-06,2016-01-12,2016-02-11,9.26,4,37.04
8252,58_40096,2015-12-30,2016-01-06,2016-01-12,2016-02-11,10.52,6,63.12
8252,58_28260,2015-12-30,2016-01-06,2016-01-12,2016-02-11,5.19,6,31.14
8252,55_2114,2015-12-30,2016-01-04,2016-01-12,2016-02-11,9.41,2,18.82
8252,25_3913,2015-12-30,2016-01-04,2016-01-12,2016-02-11,14.28,6,85.68
8252,8_8922,2015-12-30,2016-01-05,2016-01-12,2016-02-11,5.40,8,43.20
8252,55_3913,2015-12-30,2016-01-06,2016-01-12,2016-02-11,14.28,11,157.08
8252,40_24612,2015-12-30,2016-01-06,2016-01-12,2016-02-11,5.82,12,69.84
8252,37_6479,2015-12-30,2016-01-06,2016-01-12,2016-02-11,5.95,11,65.45
8252,35_29477,2015-12-30,2016-01-07,2016-01-12,2016-02-11,4.75,12,57.00
8252,40_2690,2015-12-30,2016-01-06,2016-01-12,2016-02-11,7.35,11,80.85
8252,55_40097,2015-12-30,2016-01-06,2016-01-12,2016-02-11,10.59,12,127.08
8252,17_26817,2015-12-30,2016-01-08,2016-01-12,2016-02-11,5.47,12,65.64
8252,36_6396,2015-12-30,2016-01-05,2016-01-12,2016-02-11,5.12,5,25.60
8252,58_28258,2015-12-30,2016-01-06,2016-01-12,2016-02-11,5.36,6,32.16
8252,55_6213,2015-12-30,2016-01-06,2016-01-12,2016-02-11,5.51,6,33.06
8252,35_8345,2015-12-30,2016-01-07,2016-01-12,2016-02-11,3.37,11,37.07
8252,17_2114,2015-12-30,2016-01-08,2016-01-12,2016-02-11,9.41,10,94.10
8252,25_6976,2015-12-30,2016-01-04,2016-01-12,2016-02-11,12.74,12,152.88
8252,8_32675,2015-12-30,2016-01-07,2016-01-12,2016-02-11,4.57,12,54.84
8252,58_32675,2015-12-30,2016-01-06,2016-01-12,2016-02-11,4.57,12,54.84
8252,37_8985,2015-12-30,2016-01-06,2016-01-12,2016-02-11,4.44,12,53.28
8252,35_6214,2015-12-30,2016-01-07,2016-01-12,2016-02-11,9.08,4,36.32
8252,56_6396,2015-12-30,2016-01-05,2016-01-12,2016-02-11,5.12,6,30.72
8252,8_25269,2015-12-30,2016-01-05,2016-01-12,2016-02-11,4.62,12,55.44
8252,56_6960,2015-12-30,2016-01-05,2016-01-12,2016-02-11,4.60,12,55.20
8252,55_6938,2015-12-30,2016-01-06,2016-01-12,2016-02-11,4.69,18,84.42
8252,55_3356,2015-12-30,2016-01-06,2016-01-12,2016-02-11,4.47,12,53.64
8252,37_3133,2015-12-30,2016-01-06,2016-01-12,2016-02-11,8.79,12,105.48
8252,55_40096,2015-12-30,2016-01-06,2016-01-12,2016-02-11,10.52,6,63.12
8252,5_6214,2015-12-30,2016-01-08,2016-01-12,2016-02-11,9.08,3,27.24
8252,38_2117,2015-12-30,2016-01-06,2016-01-12,2016-02-11,5.88,36,211.68
8252,8_39708,2015-12-30,2016-01-07,2016-01-12,2016-02-11,4.72,12,56.64
8252,58_8730,2015-12-30,2016-01-06,2016-01-12,2016-02-11,5.50,11,60.50
8252,41_8892,2015-12-30,2016-01-05,2016-01-12,2016-02-11,17.00,12,204.00
8252,60_39598,2015-12-30,2016-01-05,2016-01-12,2016-02-11,4.76,6,28.56
8252,41_24592,2015-12-30,2016-01-05,2016-01-12,2016-02-11,4.69,6,28.14
8252,58_39600,2015-12-30,2016-01-06,2016-01-12,2016-02-11,4.54,6,27.24
8252,55_8567,2015-12-30,2016-01-06,2016-01-12,2016-02-11,6.75,4,27.00
8252,5_3913,2015-12-30,2016-01-08,2016-01-12,2016-02-11,14.28,6,85.68
8252,42_32675,2015-12-30,2016-01-07,2016-01-12,2016-02-11,4.57,12,54.84
8252,56_3913,2015-12-30,2016-01-05,2016-01-12,2016-02-11,14.28,6,85.68
8252,8_6479,2015-12-30,2016-01-05,2016-01-12,2016-02-11,5.95,12,71.40
8252,36_28658,2015-12-30,2016-01-05,2016-01-12,2016-02-11,4.53,12,54.36
8252,37_6565,2015-12-30,2016-01-06,2016-01-12,2016-02-11,5.99,12,71.88
8252,37_6396,2015-12-30,2016-01-06,2016-01-12,2016-02-11,5.12,6,30.72
8252,58_6479,2015-12-30,2016-01-06,2016-01-12,2016-02-11,5.95,36,214.20
8252,36_21019,2015-12-30,2016-01-05,2016-01-12,2016-02-11,10.66,6,63.96
8252,5_6960,2015-12-30,2016-01-08,2016-01-12,2016-02-11,4.60,12,55.20
8252,60_28260,2015-12-30,2016-01-05,2016-01-12,2016-02-11,5.19,6,31.14
8252,25_6356,2015-12-30,2016-01-04,2016-01-12,2016-02-11,5.16,6,30.96
8252,8_6682,2015-12-30,2016-01-05,2016-01-12,2016-02-11,6.03,24,144.72
8252,37_8504,2015-12-30,2016-01-06,2016-01-12,2016-02-11,5.84,12,70.08
8252,56_3356,2015-12-30,2016-01-05,2016-01-12,2016-02-11,4.47,12,53.64
8252,36_28260,2015-12-30,2016-01-05,2016-01-12,2016-02-11,5.19,6,31.14
8252,35_2117,2015-12-30,2016-01-07,2016-01-12,2016-02-11,5.88,12,70.56
8252,60_6226,2015-12-30,2016-01-08,2016-01-12,2016-02-11,5.15,6,30.90
8252,56_6264,2015-12-30,2016-01-05,2016-01-12,2016-02-11,4.79,12,57.48
8252,58_16260,2015-12-30,2016-01-06,2016-01-12,2016-02-11,7.58,12,90.96
8252,55_35472,2015-12-30,2016-01-04,2016-01-12,2016-02-11,5.88,6,35.28
8252,36_38546,2015-12-30,2016-01-05,2016-01-12,2016-02-11,5.06,36,182.16
8252,41_43809,2015-12-30,2016-01-05,2016-01-12,2016-02-11,5.84,6,35.04
8252,35_16327,2015-12-30,2016-01-07,2016-01-12,2016-02-11,2.61,12,31.32
8252,8_8155,2015-12-30,2016-01-05,2016-01-12,2016-02-11,3.28,23,75.44
8252,17_16326,2015-12-30,2016-01-08,2016-01-12,2016-02-11,2.64,12,31.68
8252,56_38546,2015-12-30,2016-01-05,2016-01-12,2016-02-11,5.06,24,121.44
8252,8_2689,2015-12-30,2016-01-05,2016-01-12,2016-02-11,14.72,6,88.32
8252,60_2114,2015-12-30,2016-01-08,2016-01-12,2016-02-11,9.41,22,207.02
8252,37_6273,2015-12-30,2016-01-06,2016-01-12,2016-02-11,4.66,6,27.96
8252,35_8689,2015-12-30,2016-01-05,2016-01-12,2016-02-11,6.49,4,25.96
8252,35_6958,2015-12-30,2016-01-05,2016-01-12,2016-02-11,5.33,5,26.65
8252,55_43809,2015-12-30,2016-01-06,2016-01-12,2016-02-11,5.84,6,35.04
8252,35_39599,2015-12-30,2016-01-05,2016-01-12,2016-02-11,4.51,6,27.06
8252,8_3356,2015-12-30,2016-01-05,2016-01-12,2016-02-11,4.47,11,49.17
8252,55_8329,2015-12-30,2016-01-06,2016-01-12,2016-02-11,4.68,11,51.48
8252,56_6682,2015-12-30,2016-01-05,2016-01-12,2016-02-11,6.03,6,36.18
8252,5_23212,2015-12-30,2016-01-08,2016-01-12,2016-02-11,7.99,12,95.88
8252,17_6567,2015-12-30,2016-01-08,2016-01-12,2016-02-11,6.12,12,73.44
8252,5_31231,2015-12-30,2016-01-08,2016-01-12,2016-02-11,6.49,12,77.88
8252,55_8123,2015-12-30,2016-01-06,2016-01-12,2016-02-11,6.53,12,78.36
8252,40_38502,2015-12-30,2016-01-06,2016-01-12,2016-02-11,4.57,12,54.84
8252,8_6216,2015-12-30,2016-01-07,2016-01-12,2016-02-11,5.40,6,32.40
8252,60_26092,2015-12-30,2016-01-05,2016-01-12,2016-02-11,4.79,12,57.48
8252,37_7159,2015-12-30,2016-01-06,2016-01-12,2016-02-11,4.72,12,56.64
8252,42_2117,2015-12-30,2016-01-07,2016-01-12,2016-02-11,5.88,12,70.56
8252,36_11213,2015-12-30,2016-01-05,2016-01-12,2016-02-11,12.66,12,151.92
8252,55_6264,2015-12-30,2016-01-06,2016-01-12,2016-02-11,4.79,12,57.48
8252,37_8155,2015-12-30,2016-01-06,2016-01-12,2016-02-11,3.28,21,68.88
8252,25_6565,2015-12-30,2016-01-08,2016-01-12,2016-02-11,5.99,36,215.64
8252,37_40098,2015-12-30,2016-01-06,2016-01-12,2016-02-11,10.38,6,62.28
8252,58_6960,2015-12-30,2016-01-06,2016-01-12,2016-02-11,4.60,12,55.20
8252,58_6264,2015-12-30,2016-01-06,2016-01-12,2016-02-11,4.79,24,114.96
8252,40_43809,2015-12-30,2016-01-06,2016-01-12,2016-02-11,5.84,6,35.04
8252,58_38502,2015-12-30,2016-01-06,2016-01-12,2016-02-11,4.57,12,54.84
8252,36_24592,2015-12-30,2016-01-05,2016-01-12,2016-02-11,4.69,6,28.14
8252,40_27867,2015-12-30,2016-01-06,2016-01-12,2016-02-11,4.72,6,28.32
8252,38_10723,2015-12-30,2016-01-06,2016-01-12,2016-02-11,6.20,6,37.20
8252,35_3220,2015-12-30,2016-01-05,2016-01-12,2016-02-11,14.72,6,88.32
8252,8_6273,2015-12-30,2016-01-05,2016-01-12,2016-02-11,4.66,6,27.96
8252,17_6213,2015-12-30,2016-01-08,2016-01-12,2016-02-11,5.51,6,33.06
8252,17_6479,2015-12-30,2016-01-08,2016-01-12,2016-02-11,5.95,24,142.80
8252,8_2114,2015-12-30,2016-01-05,2016-01-12,2016-02-11,9.41,2,18.82
8252,8_21019,2015-12-30,2016-01-05,2016-01-12,2016-02-11,10.66,6,63.96
8252,40_2105,2015-12-30,2016-01-06,2016-01-12,2016-02-11,7.87,12,94.44
8252,8_40096,2015-12-30,2016-01-05,2016-01-12,2016-02-11,10.52,6,63.12
8252,36_22143,2015-12-30,2016-01-06,2016-01-12,2016-02-11,10.52,48,504.96
8252,41_7159,2015-12-30,2016-01-05,2016-01-12,2016-02-11,4.72,12,56.64
8252,40_41751,2015-12-30,2016-01-06,2016-01-12,2016-02-11,6.20,12,74.40
8252,25_21019,2015-12-30,2016-01-08,2016-01-12,2016-02-11,10.66,6,63.96
8252,17_38546,2015-12-30,2016-01-08,2016-01-12,2016-02-11,5.06,35,177.10
8252,36_17748,2015-12-30,2016-01-06,2016-01-12,2016-02-11,2.75,12,33.00
8252,8_29996,2015-12-30,2016-01-05,2016-01-12,2016-02-11,10.12,12,121.44
8252,58_16326,2015-12-30,2016-01-06,2016-01-12,2016-02-11,2.64,24,63.36
8252,8_16328,2015-12-30,2016-01-05,2016-01-12,2016-02-11,2.75,12,33.00
8252,36_6682,2015-12-30,2016-01-05,2016-01-12,2016-02-11,6.03,18,108.54
8252,8_2114,2015-12-30,2016-01-07,2016-01-12,2016-02-11,9.41,7,65.87
8252,42_8847,2015-12-30,2016-01-07,2016-01-12,2016-02-11,3.97,12,47.64
8252,5_32675,2015-12-30,2016-01-08,2016-01-12,2016-02-11,4.57,12,54.84
8252,8_2117,2015-12-30,2016-01-05,2016-01-12,2016-02-11,5.88,12,70.56
8252,17_42601,2015-12-30,2016-01-08,2016-01-12,2016-02-11,5.84,12,70.08
8252,37_28947,2015-12-30,2016-01-06,2016-01-12,2016-02-11,5.91,6,35.46
8252,38_39600,2015-12-30,2016-01-06,2016-01-12,2016-02-11,4.54,6,27.24
8252,60_46568,2015-12-30,2016-01-05,2016-01-12,2016-02-11,6.03,6,36.18
8252,55_2105,2015-12-30,2016-01-06,2016-01-12,2016-02-11,7.87,12,94.44
8252,35_3356,2015-12-30,2016-01-05,2016-01-12,2016-02-11,4.47,12,53.64
8252,37_43809,2015-12-30,2016-01-06,2016-01-12,2016-02-11,5.84,6,35.04
8252,56_38850,2015-12-30,2016-01-05,2016-01-12,2016-02-11,4.65,12,55.80
8252,55_21951,2015-12-30,2016-01-04,2016-01-12,2016-02-11,8.27,12,99.24
8252,38_44208,2015-12-30,2016-01-06,2016-01-12,2016-02-11,10.95,6,65.70
8252,36_10723,2015-12-30,2016-01-05,2016-01-12,2016-02-11,6.20,5,31.00
8252,58_3913,2015-12-30,2016-01-06,2016-01-12,2016-02-11,14.28,5,71.40
8252,8_6650,2015-12-30,2016-01-07,2016-01-12,2016-02-11,7.38,12,88.56
8252,60_38181,2015-12-30,2016-01-05,2016-01-12,2016-02-11,3.97,12,47.64
8252,38_26092,2015-12-30,2016-01-06,2016-01-12,2016-02-11,4.79,12,57.48
8252,60_35472,2015-12-30,2016-01-05,2016-01-12,2016-02-11,5.88,6,35.28
8252,36_38546,2015-12-30,2016-01-06,2016-01-12,2016-02-11,5.06,21,106.26
8252,37_19748,2015-12-30,2016-01-06,2016-01-12,2016-02-11,9.20,2,18.40
8252,58_6183,2015-12-30,2016-01-06,2016-01-12,2016-02-11,5.99,12,71.88
8252,25_6479,2015-12-30,2016-01-08,2016-01-12,2016-02-11,5.95,24,142.80
8252,36_6938,2015-12-30,2016-01-07,2016-01-12,2016-02-11,4.69,6,28.14
8252,8_6396,2015-12-30,2016-01-05,2016-01-12,2016-02-11,5.12,5,25.60
8252,42_10723,2015-12-30,2016-01-05,2016-01-12,2016-02-11,6.20,6,37.20
8252,5_8985,2015-12-30,2016-01-08,2016-01-12,2016-02-11,4.44,35,155.40
8252,60_32915,2015-12-30,2016-01-08,2016-01-12,2016-02-11,9.99,12,119.88
8252,38_3804,2015-12-30,2016-01-06,2016-01-12,2016-02-11,7.63,12,91.56
8252,35_6938,2015-12-30,2016-01-07,2016-01-12,2016-02-11,4.69,9,42.21
8252,8_6599,2015-12-30,2016-01-05,2016-01-12,2016-02-11,5.78,12,69.36
8252,42_42413,2015-12-30,2016-01-05,2016-01-12,2016-02-11,5.84,6,35.04
8252,37_38179,2015-12-30,2016-01-06,2016-01-12,2016-02-11,4.13,12,49.56
8252,35_6960,2015-12-30,2016-01-05,2016-01-12,2016-02-11,4.60,12,55.20
8252,37_2117,2015-12-30,2016-01-06,2016-01-12,2016-02-11,5.88,12,70.56
8252,36_10723,2015-12-30,2016-01-07,2016-01-12,2016-02-11,6.20,6,37.20
8252,36_3356,2015-12-30,2016-01-05,2016-01-12,2016-02-11,4.47,10,44.70
8252,36_6650,2015-12-30,2016-01-06,2016-01-12,2016-02-11,7.38,21,154.98
8252,55_7254,2015-12-30,2016-01-06,2016-01-12,2016-02-11,5.36,12,64.32
8252,37_40096,2015-12-30,2016-01-06,2016-01-12,2016-02-11,10.52,6,63.12
8252,55_6960,2015-12-30,2016-01-06,2016-01-12,2016-02-11,4.60,12,55.20
8252,8_12211,2015-12-30,2016-01-05,2016-01-12,2016-02-11,11.03,6,66.18
8253,17_42099,2015-12-30,2016-01-08,2016-01-16,2016-02-12,11.40,3,34.20
8253,42_42099,2015-12-30,2016-01-07,2016-01-16,2016-02-12,11.40,2,22.80
8253,8_39356,2015-12-30,2016-01-05,2016-01-16,2016-02-12,11.56,3,34.68
8253,8_14078,2015-12-30,2016-01-05,2016-01-16,2016-02-12,11.25,3,33.75
8253,58_14078,2015-12-30,2016-01-06,2016-01-16,2016-02-12,11.25,3,33.75
8253,36_13708,2015-12-30,2016-01-05,2016-01-16,2016-02-12,11.33,3,33.99
8253,25_42099,2015-12-30,2016-01-04,2016-01-16,2016-02-12,11.40,3,34.20
8253,8_13708,2015-12-30,2016-01-07,2016-01-16,2016-02-12,11.33,2,22.66
8253,5_14078,2015-12-30,2016-01-08,2016-01-16,2016-02-12,11.25,3,33.75
8253,35_42099,2015-12-30,2016-01-07,2016-01-16,2016-02-12,11.40,2,22.80
8253,36_39358,2015-12-30,2016-01-06,2016-01-16,2016-02-12,11.03,2,22.06
8253,36_39356,2015-12-30,2016-01-05,2016-01-16,2016-02-12,11.56,3,34.68
8253,8_42099,2015-12-30,2016-01-05,2016-01-16,2016-02-12,11.40,3,34.20
8253,41_13708,2015-12-30,2016-01-05,2016-01-16,2016-02-12,11.33,3,33.99
8253,55_16159,2015-12-30,2016-01-04,2016-01-16,2016-02-12,6.89,12,82.68
8253,58_13708,2015-12-30,2016-01-06,2016-01-16,2016-02-12,11.33,3,33.99
8253,42_12343,2015-12-30,2016-01-07,2016-01-16,2016-02-12,11.18,2,22.36
8253,40_42099,2015-12-30,2016-01-06,2016-01-16,2016-02-12,11.40,3,34.20
8253,60_14078,2015-12-30,2016-01-08,2016-01-16,2016-02-12,11.25,3,33.75
8253,42_39356,2015-12-30,2016-01-07,2016-01-16,2016-02-12,11.56,3,34.68
8253,60_12343,2015-12-30,2016-01-05,2016-01-16,2016-02-12,11.18,3,33.54
8253,58_42099,2015-12-30,2016-01-06,2016-01-16,2016-02-12,11.40,3,34.20
8253,38_39356,2015-12-30,2016-01-06,2016-01-16,2016-02-12,11.56,3,34.68
8253,55_39356,2015-12-30,2016-01-06,2016-01-16,2016-02-12,11.56,3,34.68
8253,40_14078,2015-12-30,2016-01-06,2016-01-16,2016-02-12,11.25,3,33.75
8253,42_13708,2015-12-30,2016-01-07,2016-01-16,2016-02-12,11.33,3,33.99
8253,60_16441,2015-12-30,2016-01-08,2016-01-16,2016-02-12,10.96,6,65.76
8289,35_32908,2016-01-01,2016-01-07,2016-01-12,2016-02-22,6.55,12,78.60
8289,58_6278,2016-01-01,2016-01-06,2016-01-12,2016-02-22,7.55,12,90.60
8289,38_32906,2016-01-01,2016-01-06,2016-01-12,2016-02-22,6.42,12,77.04
8289,55_39348,2016-01-01,2016-01-06,2016-01-12,2016-02-22,6.50,23,149.50
8289,8_39348,2016-01-01,2016-01-05,2016-01-12,2016-02-22,6.50,36,234.00
8289,60_32906,2016-01-01,2016-01-08,2016-01-12,2016-02-22,6.42,36,231.12
8289,36_32908,2016-01-01,2016-01-06,2016-01-12,2016-02-22,6.55,36,235.80
8289,60_32907,2016-01-01,2016-01-08,2016-01-12,2016-02-22,5.37,35,187.95
8289,36_32906,2016-01-01,2016-01-06,2016-01-12,2016-02-22,6.42,36,231.12
8289,8_12147,2016-01-01,2016-01-07,2016-01-12,2016-02-22,5.26,12,63.12
8289,42_11067,2016-01-01,2016-01-05,2016-01-12,2016-02-22,8.24,12,98.88
8289,36_32907,2016-01-01,2016-01-06,2016-01-12,2016-02-22,5.37,24,128.88
8289,38_25802,2016-01-01,2016-01-06,2016-01-12,2016-02-22,8.21,12,98.52
8289,60_12147,2016-01-01,2016-01-05,2016-01-12,2016-02-22,5.26,12,63.12
8289,8_32906,2016-01-01,2016-01-05,2016-01-12,2016-02-22,6.42,36,231.12
8289,8_32908,2016-01-01,2016-01-05,2016-01-12,2016-02-22,6.55,36,235.80
8289,8_32907,2016-01-01,2016-01-05,2016-01-12,2016-02-22,5.37,36,193.32
8289,8_11067,2016-01-01,2016-01-05,2016-01-12,2016-02-22,8.24,12,98.88
8289,58_12147,2016-01-01,2016-01-06,2016-01-12,2016-02-22,5.26,12,63.12
8289,58_32906,2016-01-01,2016-01-06,2016-01-12,2016-02-22,6.42,12,77.04
8289,25_39348,2016-01-01,2016-01-04,2016-01-12,2016-02-22,6.50,12,78.00
8289,8_25802,2016-01-01,2016-01-07,2016-01-12,2016-02-22,8.21,12,98.52
8289,55_32906,2016-01-01,2016-01-06,2016-01-12,2016-02-22,6.42,36,231.12
8289,36_39348,2016-01-01,2016-01-06,2016-01-12,2016-02-22,6.50,36,234.00
8271,38_3488,2015-12-31,2016-01-06,2016-01-14,2016-02-11,15.62,12,187.44
8271,37_3736,2015-12-31,2016-01-06,2016-01-14,2016-02-11,8.20,12,98.40
8271,36_4135,2015-12-31,2016-01-06,2016-01-14,2016-02-11,0.78,117,91.26
8271,40_1384,2015-12-31,2016-01-06,2016-01-14,2016-02-11,18.93,12,227.16
8271,41_5219,2015-12-31,2016-01-05,2016-01-14,2016-02-11,13.23,12,158.76
8271,60_4385,2015-12-31,2016-01-05,2016-01-14,2016-02-11,16.54,6,99.24
8271,55_3489,2015-12-31,2016-01-04,2016-01-14,2016-02-11,20.73,5,103.65
8271,60_3606,2015-12-31,2016-01-05,2016-01-14,2016-02-11,0.74,120,88.80
8271,36_3456,2015-12-31,2016-01-05,2016-01-14,2016-02-11,13.27,6,79.62
8271,58_8680,2015-12-31,2016-01-06,2016-01-14,2016-02-11,28.88,6,173.28
8271,60_4261,2015-12-31,2016-01-05,2016-01-14,2016-02-11,16.17,32,517.44
8271,40_3754,2015-12-31,2016-01-06,2016-01-14,2016-02-11,8.79,12,105.48
8271,55_5491,2015-12-31,2016-01-06,2016-01-14,2016-02-11,1.46,114,166.44
8271,35_5872,2015-12-31,2016-01-05,2016-01-14,2016-02-11,2.32,8,18.56
8271,60_8440,2015-12-31,2016-01-08,2016-01-14,2016-02-11,14.72,12,176.64
8271,41_8441,2015-12-31,2016-01-05,2016-01-14,2016-02-11,8.92,12,107.04
8271,8_8898,2015-12-31,2016-01-05,2016-01-14,2016-02-11,18.83,6,112.98
8271,42_2956,2015-12-31,2016-01-05,2016-01-14,2016-02-11,10.71,4,42.84
8271,60_3882,2015-12-31,2016-01-05,2016-01-14,2016-02-11,8.79,12,105.48
8271,17_4264,2015-12-31,2016-01-08,2016-01-14,2016-02-11,11.53,12,138.36
8271,35_4385,2015-12-31,2016-01-05,2016-01-14,2016-02-11,16.54,6,99.24
8271,42_822,2015-12-31,2016-01-05,2016-01-14,2016-02-11,19.99,12,239.88
8271,41_3606,2015-12-31,2016-01-05,2016-01-14,2016-02-11,0.74,117,86.58
8271,42_497,2015-12-31,2016-01-05,2016-01-14,2016-02-11,14.70,12,176.40
8271,42_3489,2015-12-31,2016-01-05,2016-01-14,2016-02-11,20.73,3,62.19
8271,8_3315,2015-12-31,2016-01-05,2016-01-14,2016-02-11,0.74,8,5.92
8271,60_2465,2015-12-31,2016-01-05,2016-01-14,2016-02-11,2.15,6,12.90
8271,5_4261,2015-12-31,2016-01-08,2016-01-14,2016-02-11,16.17,32,517.44
8271,56_3827,2015-12-31,2016-01-05,2016-01-14,2016-02-11,9.28,6,55.68
8271,36_4798,2015-12-31,2016-01-05,2016-01-14,2016-02-11,1.54,120,184.80
8271,38_4265,2015-12-31,2016-01-06,2016-01-14,2016-02-11,8.26,23,189.98
8271,40_8726,2015-12-31,2016-01-07,2016-01-14,2016-02-11,1.43,20,28.60
8271,60_2752,2015-12-31,2016-01-08,2016-01-14,2016-02-11,26.31,48,1262.88
8271,8_8441,2015-12-31,2016-01-05,2016-01-14,2016-02-11,8.92,12,107.04
8271,60_2465,2015-12-31,2016-01-08,2016-01-14,2016-02-11,2.15,6,12.90
8271,5_5399,2015-12-31,2016-01-08,2016-01-14,2016-02-11,1.45,10,14.50
8271,60_3456,2015-12-31,2016-01-05,2016-01-14,2016-02-11,13.27,6,79.62
8271,8_3876,2015-12-31,2016-01-07,2016-01-14,2016-02-11,13.95,13,181.35
8271,58_2443,2015-12-31,2016-01-06,2016-01-14,2016-02-11,13.48,6,80.88
8271,35_2752,2015-12-31,2016-01-05,2016-01-14,2016-02-11,26.31,12,315.72
8271,5_3876,2015-12-31,2016-01-08,2016-01-14,2016-02-11,13.95,15,209.25
8271,36_3746,2015-12-31,2016-01-07,2016-01-14,2016-02-11,8.52,6,51.12
8271,41_3549,2015-12-31,2016-01-05,2016-01-14,2016-02-11,17.82,12,213.84
8271,35_1892,2015-12-31,2016-01-07,2016-01-14,2016-02-11,0.72,111,79.92
8271,42_4262,2015-12-31,2016-01-07,2016-01-14,2016-02-11,11.19,11,123.09
8271,35_5058,2015-12-31,2016-01-05,2016-01-14,2016-02-11,11.93,6,71.58
8271,5_2436,2015-12-31,2016-01-08,2016-01-14,2016-02-11,11.99,24,287.76
8271,37_3489,2015-12-31,2016-01-06,2016-01-14,2016-02-11,20.73,6,124.38
8271,35_4330,2015-12-31,2016-01-05,2016-01-14,2016-02-11,20.79,6,124.74
8271,58_4429,2015-12-31,2016-01-06,2016-01-14,2016-02-11,17.31,6,103.86
8271,8_5219,2015-12-31,2016-01-05,2016-01-14,2016-02-11,13.23,12,158.76
8271,60_3879,2015-12-31,2016-01-05,2016-01-14,2016-02-11,7.91,11,87.01
8271,5_3879,2015-12-31,2016-01-08,2016-01-14,2016-02-11,7.91,12,94.92
8271,38_3876,2015-12-31,2016-01-06,2016-01-14,2016-02-11,13.95,75,1046.25
8271,38_5394,2015-12-31,2016-01-06,2016-01-14,2016-02-11,8.72,12,104.64
8271,60_3072,2015-12-31,2016-01-05,2016-01-14,2016-02-11,18.24,12,218.88
8271,41_5872,2015-12-31,2016-01-05,2016-01-14,2016-02-11,2.32,10,23.20
8271,38_3123,2015-12-31,2016-01-06,2016-01-14,2016-02-11,10.94,6,65.64
8271,40_8111,2015-12-31,2016-01-06,2016-01-14,2016-02-11,0.77,114,87.78
8271,56_4261,2015-12-31,2016-01-05,2016-01-14,2016-02-11,16.17,29,468.93
8271,8_5872,2015-12-31,2016-01-05,2016-01-14,2016-02-11,2.32,10,23.20
8271,38_8440,2015-12-31,2016-01-06,2016-01-14,2016-02-11,14.72,12,176.64
8271,55_4264,2015-12-31,2016-01-06,2016-01-14,2016-02-11,11.53,12,138.36
8271,42_2757,2015-12-31,2016-01-05,2016-01-14,2016-02-11,22.38,5,111.90
8271,42_3876,2015-12-31,2016-01-07,2016-01-14,2016-02-11,13.95,11,153.45
8271,37_3607,2015-12-31,2016-01-06,2016-01-14,2016-02-11,0.72,120,86.40
8271,35_3488,2015-12-31,2016-01-05,2016-01-14,2016-02-11,15.62,48,749.76
8271,55_2956,2015-12-31,2016-01-04,2016-01-14,2016-02-11,10.71,6,64.26
8271,40_8512,2015-12-31,2016-01-06,2016-01-14,2016-02-11,14.72,12,176.64
8271,56_3545,2015-12-31,2016-01-05,2016-01-14,2016-02-11,21.89,6,131.34
8271,17_5616,2015-12-31,2016-01-08,2016-01-14,2016-02-11,15.38,6,92.28
8271,8_1883,2015-12-31,2016-01-07,2016-01-14,2016-02-11,13.23,5,66.15
8271,42_3489,2015-12-31,2016-01-07,2016-01-14,2016-02-11,20.73,18,373.14
