so_number,inventory_id,city_id,sales_qty,sales_price,sales_dollar,sales_date
160001406,5_10420,5,1,4.99,4.99,2016-01-01
160001407,5_11213,5,1,18.99,18.99,2016-01-01
160001408,5_12216,5,1,9.99,9.99,2016-01-01
160001409,5_12220,5,1,9.99,9.99,2016-01-01
160001410,5_1232,5,1,26.99,26.99,2016-01-01
160001411,5_1233,5,2,35.99,71.98,2016-01-01
160001412,5_1355,5,1,3.49,3.49,2016-01-01
160001413,5_14439,5,2,4.99,9.98,2016-01-01
160001414,5_16806,5,1,9.99,9.99,2016-01-01
160001415,5_1789,5,1,25.99,25.99,2016-01-01
160001416,5_1892,5,2,0.99,1.98,2016-01-01
160001417,5_2114,5,1,12.99,12.99,2016-01-01
160001418,5_2117,5,1,8.99,8.99,2016-01-01
160001419,5_2152,5,1,9.99,9.99,2016-01-01
160001420,5_2418,5,2,21.99,43.98,2016-01-01
160001421,5_2432,5,1,21.99,21.99,2016-01-01
160001422,5_2476,5,1,21.99,21.99,2016-01-01
160001423,5_254,5,1,10.99,10.99,2016-01-01
160001424,5_26092,5,2,7.99,15.98,2016-01-01
160001425,5_27042,5,2,9.99,19.98,2016-01-01
160001426,5_3154,5,1,9.99,9.99,2016-01-01
160001427,5_3221,5,1,9.99,9.99,2016-01-01
160001428,5_3231,5,1,9.99,9.99,2016-01-01
160001429,5_3315,5,4,0.99,3.96,2016-01-01
160001430,5_3396,5,1,17.99,17.99,2016-01-01
160001431,5_34905,5,2,7.99,15.98,2016-01-01
160001432,5_3606,5,14,0.99,13.86,2016-01-01
160001433,5_3614,5,2,19.99,39.98,2016-01-01
160001434,5_3637,5,1,5.29,5.29,2016-01-01
160001435,5_3690,5,1,27.99,27.99,2016-01-01
160001436,5_3696,5,3,10.49,31.47,2016-01-01
160001437,5_3746,5,1,12.99,12.99,2016-01-01
160001438,5_3768,5,1,4.99,4.99,2016-01-01
160001439,5_3769,5,1,8.99,8.99,2016-01-01
160001440,5_3804,5,1,9.99,9.99,2016-01-01
160001441,5_3821,5,1,12.99,12.99,2016-01-01
160001442,5_3834,5,1,15.99,15.99,2016-01-01
160001443,5_38483,5,1,10.99,10.99,2016-01-01
160001444,5_3859,5,1,8.99,8.99,2016-01-01
160001445,5_3876,5,1,17.99,17.99,2016-01-01
160001446,5_3878,5,1,12.99,12.99,2016-01-01
160001447,5_3893,5,1,9.99,9.99,2016-01-01
160001448,5_3896,5,3,3.29,9.87,2016-01-01
160001449,5_408,5,1,17.99,17.99,2016-01-01
160001450,5_4135,5,8,0.99,7.92,2016-01-01
160001451,5_4152,5,1,4.99,4.99,2016-01-01
160001452,5_4241,5,1,1.99,1.99,2016-01-01
160001453,5_4261,5,4,21.99,87.96,2016-01-01
160001454,5_4278,5,1,11.99,11.99,2016-01-01
160001455,5_4368,5,1,33.99,33.99,2016-01-01
160001456,5_44038,5,1,10.99,10.99,2016-01-01
160001457,5_4438,5,1,9.99,9.99,2016-01-01
160001458,5_4798,5,2,1.99,3.98,2016-01-01
160001459,5_4878,5,1,6.99,6.99,2016-01-01
160001460,5_5232,5,2,14.99,29.98,2016-01-01
160001461,5_5391,5,3,15.99,47.97,2016-01-01
160001462,5_5404,5,1,5.49,5.49,2016-01-01
160001463,5_5444,5,1,19.99,19.99,2016-01-01
160001464,5_5489,5,1,10.99,10.99,2016-01-01
160001465,5_5826,5,1,8.99,8.99,2016-01-01
160001466,5_5890,5,1,21.99,21.99,2016-01-01
160001467,5_6214,5,1,13.99,13.99,2016-01-01
160001468,5_6479,5,1,8.99,8.99,2016-01-01
160001469,5_6575,5,1,9.99,9.99,2016-01-01
160001470,5_6861,5,1,5.99,5.99,2016-01-01
160001471,5_6960,5,2,6.99,13.98,2016-01-01
160001472,5_7374,5,1,8.99,8.99,2016-01-01
160001473,5_8033,5,1,2.99,2.99,2016-01-01
160001474,5_8053,5,1,0.99,0.99,2016-01-01
160001475,5_8082,5,1,29.99,29.99,2016-01-01
160001476,5_8111,5,5,0.99,4.95,2016-01-01
160001477,5_8200,5,1,2.99,2.99,2016-01-01
160001478,5_8232,5,1,8.99,8.99,2016-01-01
160001479,5_8288,5,3,11.99,35.97,2016-01-01
160001480,5_8421,5,1,5.99,5.99,2016-01-01
160001481,5_8504,5,1,8.99,8.99,2016-01-01
160001482,5_8512,5,2,18.99,37.98,2016-01-01
160001483,5_8671,5,1,19.99,19.99,2016-01-01
160001484,5_8910,5,2,0.99,1.98,2016-01-01
160001684,8_1005,8,1,34.99,34.99,2016-01-01
160001685,8_10421,8,3,10.99,32.97,2016-01-01
160001686,8_1233,8,14,35.99,503.86,2016-01-01
160001687,8_1348,8,1,15.99,15.99,2016-01-01
160001688,8_1376,8,2,21.99,43.98,2016-01-01
160001689,8_1378,8,1,9.49,9.49,2016-01-01
160001690,8_14078,8,1,17.99,17.99,2016-01-01
160001691,8_1415,8,1,12.99,12.99,2016-01-01
160001692,8_1520,8,7,3.99,27.93,2016-01-01
160001693,8_15619,8,1,5.99,5.99,2016-01-01
160001694,8_15824,8,1,16.99,16.99,2016-01-01
160001695,8_1595,8,1,15.99,15.99,2016-01-01
160001696,8_16806,8,1,9.99,9.99,2016-01-01
160001697,8_1845,8,1,14.99,14.99,2016-01-01
160001698,8_1867,8,3,2.99,8.97,2016-01-01
160001699,8_1883,8,2,17.99,35.98,2016-01-01
160001700,8_1892,8,24,0.99,23.76,2016-01-01
160001701,8_2026,8,1,18.99,18.99,2016-01-01
160001702,8_2100,8,2,9.99,19.98,2016-01-01
160001703,8_2114,8,4,12.99,51.96,2016-01-01
160001704,8_2120,8,1,15.99,15.99,2016-01-01
160001705,8_2131,8,1,12.99,12.99,2016-01-01
160001706,8_2143,8,3,13.99,41.97,2016-01-01
160001707,8_21985,8,1,9.95,9.95,2016-01-01
160001708,8_2254,8,1,12.99,12.99,2016-01-01
160001709,8_2432,8,1,21.99,21.99,2016-01-01
160001710,8_25269,8,1,7.99,7.99,2016-01-01
160001711,8_26092,8,2,7.99,15.98,2016-01-01
160001712,8_2854,8,1,54.99,54.99,2016-01-01
160001713,8_28888,8,1,11.99,11.99,2016-01-01
160001714,8_3038,8,1,8.99,8.99,2016-01-01
160001715,8_31202,8,1,8.99,8.99,2016-01-01
160001716,8_3133,8,1,10.99,10.99,2016-01-01
160001717,8_31494,8,1,10.99,10.99,2016-01-01
160001718,8_31500,8,1,4.99,4.99,2016-01-01
160001719,8_3221,8,1,9.99,9.99,2016-01-01
160001720,8_32648,8,2,7.99,15.98,2016-01-01
160001721,8_3276,8,2,14.99,29.98,2016-01-01
160001722,8_3282,8,1,0.99,0.99,2016-01-01
160001723,8_32906,8,2,10.99,21.98,2016-01-01
160001724,8_3300,8,2,0.99,1.98,2016-01-01
160001725,8_3351,8,2,16.99,33.98,2016-01-01
160001726,8_34763,8,2,11.99,23.98,2016-01-01
160001727,8_3512,8,2,15.99,31.98,2016-01-01
160001728,8_3545,8,8,31.99,255.92,2016-01-01
160001729,8_3547,8,2,2.79,5.58,2016-01-01
160001730,8_35472,8,1,8.99,8.99,2016-01-01
160001731,8_3606,8,2,0.99,1.98,2016-01-01
160001732,8_3608,8,4,0.99,3.96,2016-01-01
160001733,8_3609,8,3,0.99,2.97,2016-01-01
160001734,8_3630,8,1,24.99,24.99,2016-01-01
160001735,8_3637,8,1,5.29,5.29,2016-01-01
160001736,8_36371,8,1,9.99,9.99,2016-01-01
160001737,8_3680,8,1,24.99,24.99,2016-01-01
160001738,8_37310,8,14,9.99,139.86,2016-01-01
160001739,8_3746,8,3,12.99,38.97,2016-01-01
160001740,8_3768,8,2,4.99,9.98,2016-01-01
160001741,8_3769,8,2,8.99,17.98,2016-01-01
160001742,8_3826,8,4,19.99,79.96,2016-01-01
160001743,8_3827,8,1,12.99,12.99,2016-01-01
160001744,8_3834,8,1,15.99,15.99,2016-01-01
160001745,8_3837,8,1,0.99,0.99,2016-01-01
160001746,8_3840,8,1,17.99,17.99,2016-01-01
160001747,8_3876,8,6,17.99,107.94,2016-01-01
160001748,8_3879,8,1,10.99,10.99,2016-01-01
160001749,8_3882,8,1,12.99,12.99,2016-01-01
160001750,8_38822,8,2,11.99,23.98,2016-01-01
160001751,8_3893,8,1,9.99,9.99,2016-01-01
160001752,8_3896,8,3,3.29,9.87,2016-01-01
160001753,8_39254,8,2,10.99,21.98,2016-01-01
160001754,8_39356,8,1,17.99,17.99,2016-01-01
160001755,8_3951,8,1,2.49,2.49,2016-01-01
160001756,8_3987,8,1,10.99,10.99,2016-01-01
160001757,8_41252,8,1,7.99,7.99,2016-01-01
160001758,8_4135,8,11,0.99,10.89,2016-01-01
160001759,8_4152,8,1,4.99,4.99,2016-01-01
160001760,8_4157,8,2,0.99,1.98,2016-01-01
160001761,8_4194,8,2,12.99,25.98,2016-01-01
160001762,8_4239,8,1,21.99,21.99,2016-01-01
160001763,8_4241,8,2,1.99,3.98,2016-01-01
160001764,8_4261,8,3,21.99,65.97,2016-01-01
160001765,8_4265,8,2,10.99,21.98,2016-01-01
160001766,8_4269,8,2,12.99,25.98,2016-01-01
160001767,8_4282,8,1,12.99,12.99,2016-01-01
160001768,8_4296,8,1,11.99,11.99,2016-01-01
160001769,8_43223,8,2,8.95,17.90,2016-01-01
160001770,8_4330,8,1,25.99,25.99,2016-01-01
160001771,8_44038,8,2,10.99,21.98,2016-01-01
160001772,8_4429,8,1,21.99,21.99,2016-01-01
160001773,8_46379,8,1,16.99,16.99,2016-01-01
160001774,8_5125,8,1,7.99,7.99,2016-01-01
160001775,8_5197,8,1,7.99,7.99,2016-01-01
160001776,8_5232,8,1,14.99,14.99,2016-01-01
160001777,8_5251,8,3,0.99,2.97,2016-01-01
160001778,8_5254,8,1,10.99,10.99,2016-01-01
160001779,8_5297,8,1,13.99,13.99,2016-01-01
160001780,8_5381,8,2,0.99,1.98,2016-01-01
160001781,8_5391,8,2,15.99,31.98,2016-01-01
160001782,8_5457,8,1,1.99,1.99,2016-01-01
160001783,8_5566,8,5,14.99,74.95,2016-01-01
160001784,8_5630,8,1,17.99,17.99,2016-01-01
160001785,8_5872,8,1,2.99,2.99,2016-01-01
160001786,8_6270,8,1,0.99,0.99,2016-01-01
160001787,8_6479,8,2,8.99,17.98,2016-01-01
160001788,8_6682,8,1,8.99,8.99,2016-01-01
160001789,8_676,8,1,10.99,10.99,2016-01-01
160001790,8_7878,8,1,15.99,15.99,2016-01-01
160001791,8_8082,8,1,29.99,29.99,2016-01-01
160001792,8_8085,8,1,31.99,31.99,2016-01-01
160001793,8_8101,8,2,1.99,3.98,2016-01-01
160001794,8_811,8,3,27.99,83.97,2016-01-01
160001795,8_8111,8,4,0.99,3.96,2016-01-01
160001796,8_8112,8,2,24.99,49.98,2016-01-01
160001797,8_8135,8,1,10.99,10.99,2016-01-01
160001798,8_8171,8,4,0.99,3.96,2016-01-01
160001799,8_8172,8,1,0.99,0.99,2016-01-01
160001800,8_8200,8,1,2.99,2.99,2016-01-01
160001801,8_8288,8,1,11.99,11.99,2016-01-01
160001802,8_8342,8,1,11.99,11.99,2016-01-01
160001803,8_8421,8,1,5.99,5.99,2016-01-01
160001804,8_8441,8,1,12.49,12.49,2016-01-01
160001805,8_8462,8,1,21.99,21.99,2016-01-01
160001806,8_8506,8,1,32.99,32.99,2016-01-01
160001807,8_8512,8,3,18.99,56.97,2016-01-01
160001808,8_8515,8,2,18.99,37.98,2016-01-01
160001809,8_8517,8,1,18.99,18.99,2016-01-01
160001810,8_8627,8,2,7.98,15.96,2016-01-01
160001811,8_877,8,1,8.99,8.99,2016-01-01
160001812,8_8819,8,1,6.99,6.99,2016-01-01
160002172,17_12220,17,5,9.99,49.95,2016-01-01
160002173,17_1233,17,1,35.99,35.99,2016-01-01
160002174,17_1323,17,1,17.99,17.99,2016-01-01
160002175,17_1358,17,1,61.99,61.99,2016-01-01
160002176,17_14006,17,2,9.99,19.98,2016-01-01
160002177,17_16326,17,1,3.99,3.99,2016-01-01
160002178,17_1892,17,3,0.99,2.97,2016-01-01
160002179,17_2114,17,1,12.99,12.99,2016-01-01
160002180,17_2164,17,1,16.99,16.99,2016-01-01
160002181,17_2290,17,1,23.99,23.99,2016-01-01
160002182,17_2418,17,1,21.99,21.99,2016-01-01
160002183,17_2432,17,1,21.99,21.99,2016-01-01
160002184,17_2436,17,1,14.99,14.99,2016-01-01
160002185,17_2465,17,1,2.99,2.99,2016-01-01
160002186,17_2494,17,1,46.99,46.99,2016-01-01
160002187,17_2704,17,2,0.99,1.98,2016-01-01
160002188,17_27461,17,1,8.99,8.99,2016-01-01
160002189,17_29128,17,2,5.99,11.98,2016-01-01
160002190,17_3310,17,1,5.99,5.99,2016-01-01
160002191,17_3326,17,1,9.49,9.49,2016-01-01
160002192,17_3351,17,1,16.99,16.99,2016-01-01
160002193,17_3368,17,1,16.99,16.99,2016-01-01
160002194,17_3489,17,4,27.99,111.96,2016-01-01
160002195,17_3545,17,1,31.99,31.99,2016-01-01
160002196,17_3630,17,3,24.99,74.97,2016-01-01
160002197,17_37401,17,1,7.99,7.99,2016-01-01
160002198,17_3746,17,3,12.99,38.97,2016-01-01
160002199,17_3879,17,1,10.99,10.99,2016-01-01
160002200,17_3893,17,1,9.99,9.99,2016-01-01
160002201,17_3896,17,2,3.29,6.58,2016-01-01
160002202,17_3913,17,1,17.99,17.99,2016-01-01
160002203,17_3917,17,2,0.99,1.98,2016-01-01
160002204,17_40193,17,1,8.99,8.99,2016-01-01
160002205,17_41034,17,1,7.95,7.95,2016-01-01
160002206,17_41072,17,1,11.99,11.99,2016-01-01
160002207,17_41252,17,1,7.99,7.99,2016-01-01
160002208,17_4153,17,1,11.99,11.99,2016-01-01
160002209,17_42099,17,1,17.99,17.99,2016-01-01
160002210,17_4261,17,4,21.99,87.96,2016-01-01
160002211,17_4264,17,1,14.99,14.99,2016-01-01
160002212,17_4268,17,1,22.99,22.99,2016-01-01
160002213,17_4330,17,1,25.99,25.99,2016-01-01
160002214,17_5042,17,1,13.99,13.99,2016-01-01
160002215,17_5232,17,1,14.99,14.99,2016-01-01
160002216,17_5292,17,1,17.99,17.99,2016-01-01
160002217,17_5391,17,1,15.99,15.99,2016-01-01
160002218,17_6650,17,1,14.99,14.99,2016-01-01
160002219,17_6876,17,2,5.99,11.98,2016-01-01
160002220,17_7340,17,1,18.99,18.99,2016-01-01
160002221,17_7358,17,1,18.99,18.99,2016-01-01
160002222,17_8082,17,1,29.99,29.99,2016-01-01
160002223,17_8107,17,1,34.99,34.99,2016-01-01
160002224,17_8178,17,1,27.99,27.99,2016-01-01
160002225,17_8680,17,2,38.99,77.98,2016-01-01
160002226,17_8819,17,1,6.99,6.99,2016-01-01
160002227,17_8898,17,1,25.99,25.99,2016-01-01
160002708,25_11440,25,1,14.99,14.99,2016-01-01
160002709,25_1550,25,1,3.99,3.99,2016-01-01
160002710,25_1892,25,3,0.99,2.97,2016-01-01
160002711,25_28889,25,1,15.49,15.49,2016-01-01
160002712,25_3133,25,1,10.99,10.99,2016-01-01
160002713,25_3147,25,2,0.99,1.98,2016-01-01
160002714,25_3310,25,1,5.99,5.99,2016-01-01
160002715,25_3512,25,1,15.99,15.99,2016-01-01
160002716,25_3545,25,1,31.99,31.99,2016-01-01
160002717,25_3606,25,1,0.99,0.99,2016-01-01
160002718,25_3607,25,1,0.99,0.99,2016-01-01
160002719,25_3608,25,2,0.99,1.98,2016-01-01
160002720,25_3769,25,1,8.99,8.99,2016-01-01
160002721,25_3859,25,1,8.99,8.99,2016-01-01
160002722,25_38850,25,1,7.99,7.99,2016-01-01
160002723,25_3893,25,1,9.99,9.99,2016-01-01
160002724,25_3987,25,1,10.99,10.99,2016-01-01
160002725,25_4261,25,3,21.99,65.97,2016-01-01
160002726,25_4264,25,1,14.99,14.99,2016-01-01
160002727,25_4494,25,1,12.99,12.99,2016-01-01
160002728,25_4734,25,2,14.99,29.98,2016-01-01
160002729,25_5058,25,2,17.99,35.98,2016-01-01
160002730,25_5195,25,1,5.99,5.99,2016-01-01
160002731,25_5197,25,1,7.99,7.99,2016-01-01
160002732,25_5480,25,1,10.99,10.99,2016-01-01
160002733,25_5491,25,2,1.99,3.98,2016-01-01
160002734,25_6565,25,2,8.99,17.98,2016-01-01
160002735,25_7341,25,2,0.99,1.98,2016-01-01
160002736,25_8298,25,2,10.99,21.98,2016-01-01
160002737,25_8512,25,1,18.99,18.99,2016-01-01
160002738,25_8526,25,1,27.99,27.99,2016-01-01
160003508,35_10062,35,1,8.99,8.99,2016-01-01
160003509,35_10421,35,1,10.99,10.99,2016-01-01
160003510,35_10727,35,2,7.95,15.90,2016-01-01
160003511,35_12586,35,6,10.99,65.94,2016-01-01
160003512,35_1348,35,1,15.99,15.99,2016-01-01
160003513,35_1355,35,4,3.49,13.96,2016-01-01
160003514,35_1376,35,1,21.99,21.99,2016-01-01
160003515,35_1384,35,1,27.99,27.99,2016-01-01
160003516,35_1385,35,1,26.99,26.99,2016-01-01
160003517,35_14006,35,1,9.99,9.99,2016-01-01
160003518,35_15321,35,1,8.99,8.99,2016-01-01
160003519,35_16326,35,1,3.99,3.99,2016-01-01
160003520,35_16328,35,1,3.99,3.99,2016-01-01
160003521,35_18817,35,1,12.99,12.99,2016-01-01
160003522,35_1892,35,10,0.99,9.90,2016-01-01
160003523,35_19848,35,3,9.99,29.97,2016-01-01
160003524,35_2114,35,1,12.99,12.99,2016-01-01
160003525,35_2170,35,3,3.49,10.47,2016-01-01
160003526,35_21985,35,1,9.95,9.95,2016-01-01
160003527,35_22143,35,1,18.99,18.99,2016-01-01
160003528,35_2254,35,1,12.99,12.99,2016-01-01
160003529,35_2373,35,1,13.99,13.99,2016-01-01
160003530,35_2465,35,1,2.99,2.99,2016-01-01
160003531,35_2476,35,1,21.99,21.99,2016-01-01
160003532,35_25269,35,1,7.99,7.99,2016-01-01
160003533,35_2591,35,1,39.99,39.99,2016-01-01
160003534,35_26092,35,1,7.99,7.99,2016-01-01
160003535,35_26463,35,2,7.99,15.98,2016-01-01
160003536,35_2654,35,1,28.99,28.99,2016-01-01
160003537,35_2690,35,1,9.99,9.99,2016-01-01
160003538,35_2753,35,1,61.99,61.99,2016-01-01
160003539,35_2788,35,1,39.99,39.99,2016-01-01
160003540,35_2794,35,1,14.99,14.99,2016-01-01
160003541,35_28919,35,1,9.99,9.99,2016-01-01
160003542,35_31203,35,1,8.99,8.99,2016-01-01
160003543,35_31488,35,1,4.99,4.99,2016-01-01
160003544,35_32652,35,1,5.99,5.99,2016-01-01
160003545,35_3276,35,12,14.99,179.88,2016-01-01
160003546,35_3278,35,1,7.99,7.99,2016-01-01
160003547,35_3310,35,1,5.99,5.99,2016-01-01
160003548,35_33149,35,2,8.99,17.98,2016-01-01
160003549,35_3356,35,1,6.99,6.99,2016-01-01
160003550,35_3488,35,1,19.99,19.99,2016-01-01
160003551,35_3489,35,1,27.99,27.99,2016-01-01
160003552,35_34903,35,1,7.99,7.99,2016-01-01
160003553,35_3502,35,1,12.99,12.99,2016-01-01
160003554,35_3511,35,1,9.99,9.99,2016-01-01
160003555,35_3513,35,1,24.99,24.99,2016-01-01
160003556,35_3545,35,1,31.99,31.99,2016-01-01
160003557,35_3606,35,3,0.99,2.97,2016-01-01
160003558,35_3680,35,1,24.99,24.99,2016-01-01
160003559,35_3689,35,1,16.99,16.99,2016-01-01
160003560,35_3726,35,1,4.99,4.99,2016-01-01
160003561,35_37401,35,2,7.99,15.98,2016-01-01
160003562,35_38178,35,2,5.99,11.98,2016-01-01
160003563,35_3821,35,1,12.99,12.99,2016-01-01
160003564,35_3826,35,2,19.99,39.98,2016-01-01
160003565,35_3835,35,1,12.99,12.99,2016-01-01
160003566,35_3836,35,1,12.99,12.99,2016-01-01
160003567,35_3837,35,1,0.99,0.99,2016-01-01
160003568,35_3840,35,1,17.99,17.99,2016-01-01
160003569,35_38546,35,4,8.99,35.96,2016-01-01
160003570,35_3859,35,2,8.99,17.98,2016-01-01
160003571,35_3896,35,1,3.29,3.29,2016-01-01
160003572,35_3938,35,1,16.99,16.99,2016-01-01
160003573,35_39593,35,1,9.99,9.99,2016-01-01
160003574,35_3997,35,1,19.99,19.99,2016-01-01
160003575,35_40425,35,1,9.95,9.95,2016-01-01
160003576,35_408,35,1,17.99,17.99,2016-01-01
160003577,35_41034,35,6,7.95,47.70,2016-01-01
160003578,35_4113,35,1,0.99,0.99,2016-01-01
160003579,35_41253,35,2,11.99,23.98,2016-01-01
160003580,35_4152,35,1,4.99,4.99,2016-01-01
160003581,35_4194,35,1,12.99,12.99,2016-01-01
160003582,35_42399,35,2,9.99,19.98,2016-01-01
160003583,35_4249,35,1,12.99,12.99,2016-01-01
160003584,35_4261,35,2,21.99,43.98,2016-01-01
160003585,35_4262,35,3,16.99,50.97,2016-01-01
160003586,35_4264,35,1,14.99,14.99,2016-01-01
160003587,35_4265,35,1,10.99,10.99,2016-01-01
160003588,35_4269,35,1,12.99,12.99,2016-01-01
160003589,35_4349,35,1,15.99,15.99,2016-01-01
160003590,35_4363,35,1,32.99,32.99,2016-01-01
160003591,35_4416,35,2,9.99,19.98,2016-01-01
160003592,35_44208,35,1,18.99,18.99,2016-01-01
160003593,35_4502,35,1,21.99,21.99,2016-01-01
160003594,35_45822,35,2,8.99,17.98,2016-01-01
160003595,35_4734,35,1,14.99,14.99,2016-01-01
160003596,35_5292,35,1,17.99,17.99,2016-01-01
160003597,35_5391,35,1,15.99,15.99,2016-01-01
160003598,35_5760,35,1,1.99,1.99,2016-01-01
160003599,35_5872,35,1,2.99,2.99,2016-01-01
160003600,35_6186,35,1,11.99,11.99,2016-01-01
160003601,35_6314,35,4,11.99,47.96,2016-01-01
160003602,35_6479,35,4,8.99,35.96,2016-01-01
160003603,35_6565,35,4,8.99,35.96,2016-01-01
160003604,35_6824,35,1,14.99,14.99,2016-01-01
160003605,35_6879,35,1,0.99,0.99,2016-01-01
160003606,35_7340,35,1,18.99,18.99,2016-01-01
160003607,35_7878,35,1,15.99,15.99,2016-01-01
160003608,35_8033,35,3,2.99,8.97,2016-01-01
160003609,35_8053,35,2,0.99,1.98,2016-01-01
160003610,35_8064,35,5,0.99,4.95,2016-01-01
160003611,35_8082,35,2,29.99,59.98,2016-01-01
160003612,35_8085,35,1,31.99,31.99,2016-01-01
160003613,35_8171,35,1,0.99,0.99,2016-01-01
160003614,35_8214,35,1,9.99,9.99,2016-01-01
160003615,35_8236,35,7,1.49,10.43,2016-01-01
160003616,35_8288,35,3,11.99,35.97,2016-01-01
160003617,35_8329,35,1,7.99,7.99,2016-01-01
160003618,35_8421,35,3,5.99,17.97,2016-01-01
160003619,35_8441,35,1,12.49,12.49,2016-01-01
160003620,35_8450,35,1,18.99,18.99,2016-01-01
160003621,35_8512,35,2,18.99,37.98,2016-01-01
160003622,35_8513,35,1,8.99,8.99,2016-01-01
160003623,35_8627,35,1,7.98,7.98,2016-01-01
160003624,35_8726,35,2,1.99,3.98,2016-01-01
160003625,35_8819,35,1,6.99,6.99,2016-01-01
160003626,36_10264,36,1,29.99,29.99,2016-01-01
160003627,36_10723,36,1,8.99,8.99,2016-01-01
160003628,36_11141,36,1,9.99,9.99,2016-01-01
160003629,36_11970,36,3,14.99,44.97,2016-01-01
160003630,36_1231,36,1,12.99,12.99,2016-01-01
160003631,36_1233,36,3,35.99,107.97,2016-01-01
160003632,36_1237,36,1,44.99,44.99,2016-01-01
160003633,36_1346,36,1,29.99,29.99,2016-01-01
160003634,36_1379,36,1,16.49,16.49,2016-01-01
160003635,36_1384,36,1,27.99,27.99,2016-01-01
160003636,36_13854,36,1,16.99,16.99,2016-01-01
160003637,36_14551,36,2,7.99,15.98,2016-01-01
160003638,36_15428,36,1,11.99,11.99,2016-01-01
160003639,36_1623,36,1,12.99,12.99,2016-01-01
160003640,36_16328,36,2,3.99,7.98,2016-01-01
160003641,36_1789,36,1,25.99,25.99,2016-01-01
160003642,36_1892,36,5,0.99,4.95,2016-01-01
160003643,36_19270,36,1,24.99,24.99,2016-01-01
160003644,36_19507,36,7,7.99,55.93,2016-01-01
160003645,36_20357,36,1,9.99,9.99,2016-01-01
160003646,36_2047,36,1,34.99,34.99,2016-01-01
160003647,36_2062,36,1,59.99,59.99,2016-01-01
160003648,36_2105,36,1,9.99,9.99,2016-01-01
160003649,36_2117,36,1,8.99,8.99,2016-01-01
160003650,36_21323,36,3,8.99,26.97,2016-01-01
160003651,36_21985,36,1,9.95,9.95,2016-01-01
160003652,36_23256,36,2,13.99,27.98,2016-01-01
160003653,36_23395,36,1,9.99,9.99,2016-01-01
160003654,36_2418,36,1,21.99,21.99,2016-01-01
160003655,36_2432,36,1,21.99,21.99,2016-01-01
160003656,36_26945,36,4,12.99,51.96,2016-01-01
160003657,36_27461,36,6,8.99,53.94,2016-01-01
160003658,36_2760,36,1,36.99,36.99,2016-01-01
160003659,36_2956,36,1,14.99,14.99,2016-01-01
160003660,36_3012,36,12,0.99,11.88,2016-01-01
160003661,36_31488,36,2,4.99,9.98,2016-01-01
160003662,36_32906,36,1,10.99,10.99,2016-01-01
160003663,36_32915,36,1,14.99,14.99,2016-01-01
160003664,36_3310,36,2,5.99,11.98,2016-01-01
160003665,36_3315,36,3,0.99,2.97,2016-01-01
160003666,36_3481,36,1,21.99,21.99,2016-01-01
160003667,36_3512,36,1,15.99,15.99,2016-01-01
160003668,36_3545,36,2,31.99,63.98,2016-01-01
160003669,36_3547,36,4,2.79,11.16,2016-01-01
160003670,36_3549,36,1,22.99,22.99,2016-01-01
160003671,36_3606,36,3,0.99,2.97,2016-01-01
160003672,36_3608,36,3,0.99,2.97,2016-01-01
160003673,36_3637,36,2,5.29,10.58,2016-01-01
160003674,36_3683,36,1,16.99,16.99,2016-01-01
160003675,36_3694,36,2,16.99,33.98,2016-01-01
160003676,36_3726,36,1,4.99,4.99,2016-01-01
160003677,36_3769,36,1,8.99,8.99,2016-01-01
160003678,36_38546,36,25,8.99,224.75,2016-01-01
160003679,36_3876,36,2,17.99,35.98,2016-01-01
160003680,36_3879,36,1,10.99,10.99,2016-01-01
160003681,36_38850,36,2,7.99,15.98,2016-01-01
160003682,36_3938,36,1,16.99,16.99,2016-01-01
160003683,36_3980,36,1,39.99,39.99,2016-01-01
160003684,36_40098,36,1,18.99,18.99,2016-01-01
160003685,36_4089,36,1,20.99,20.99,2016-01-01
160003686,36_41252,36,1,7.99,7.99,2016-01-01
160003687,36_41254,36,12,11.99,143.88,2016-01-01
160003688,36_4135,36,3,0.99,2.97,2016-01-01
160003689,36_4145,36,1,16.99,16.99,2016-01-01
160003690,36_4152,36,2,4.99,9.98,2016-01-01
160003691,36_4157,36,3,0.99,2.97,2016-01-01
160003692,36_4199,36,1,21.99,21.99,2016-01-01
160003693,36_4201,36,1,12.99,12.99,2016-01-01
160003694,36_4261,36,4,21.99,87.96,2016-01-01
160003695,36_4265,36,1,10.99,10.99,2016-01-01
160003696,36_4278,36,3,11.99,35.97,2016-01-01
160003697,36_4303,36,2,7.99,15.98,2016-01-01
160003698,36_4368,36,1,33.99,33.99,2016-01-01
160003699,36_44038,36,1,10.99,10.99,2016-01-01
160003700,36_4429,36,1,21.99,21.99,2016-01-01
160003701,36_4438,36,1,9.99,9.99,2016-01-01
160003702,36_4736,36,1,2.99,2.99,2016-01-01
160003703,36_4798,36,6,1.99,11.94,2016-01-01
160003704,36_5399,36,2,1.99,3.98,2016-01-01
160003705,36_5489,36,1,10.99,10.99,2016-01-01
160003706,36_5491,36,1,1.99,1.99,2016-01-01
160003707,36_5760,36,12,1.99,23.88,2016-01-01
160003708,36_5847,36,5,21.99,109.95,2016-01-01
160003709,36_5890,36,4,21.99,87.96,2016-01-01
160003710,36_6183,36,12,8.99,107.88,2016-01-01
160003711,36_6234,36,1,10.99,10.99,2016-01-01
160003712,36_6256,36,2,9.99,19.98,2016-01-01
160003713,36_6351,36,2,16.99,33.98,2016-01-01
160003714,36_6455,36,1,8.95,8.95,2016-01-01
160003715,36_6570,36,55,9.95,547.25,2016-01-01
160003716,36_6688,36,12,9.99,119.88,2016-01-01
160003717,36_7535,36,2,5.99,11.98,2016-01-01
160003718,36_7716,36,4,5.49,21.96,2016-01-01
160003719,36_8033,36,1,2.99,2.99,2016-01-01
160003720,36_8053,36,3,0.99,2.97,2016-01-01
160003721,36_8151,36,4,0.99,3.96,2016-01-01
160003722,36_8202,36,1,17.99,17.99,2016-01-01
160003723,36_8497,36,1,9.99,9.99,2016-01-01
160003724,36_8504,36,1,8.99,8.99,2016-01-01
160003725,36_8512,36,3,18.99,56.97,2016-01-01
160003726,36_8628,36,2,8.99,17.98,2016-01-01
160003727,36_8673,36,1,10.99,10.99,2016-01-01
160003728,36_8678,36,1,16.99,16.99,2016-01-01
160003729,36_8910,36,2,0.99,1.98,2016-01-01
160003730,37_1001,37,1,5.99,5.99,2016-01-01
160003731,37_12216,37,1,9.99,9.99,2016-01-01
160003732,37_12747,37,1,4.99,4.99,2016-01-01
160003733,37_13163,37,1,7.99,7.99,2016-01-01
160003734,37_1376,37,1,21.99,21.99,2016-01-01
160003735,37_1378,37,1,9.49,9.49,2016-01-01
160003736,37_1394,37,1,16.49,16.49,2016-01-01
160003737,37_14006,37,2,9.99,19.98,2016-01-01
160003738,37_1520,37,1,3.99,3.99,2016-01-01
160003739,37_16837,37,1,5.99,5.99,2016-01-01
160003740,37_17176,37,2,7.99,15.98,2016-01-01
160003741,37_17748,37,2,3.99,7.98,2016-01-01
160003742,37_1892,37,8,0.99,7.92,2016-01-01
160003743,37_2085,37,1,13.99,13.99,2016-01-01
160003744,37_2117,37,1,8.99,8.99,2016-01-01
160003745,37_2152,37,3,9.99,29.97,2016-01-01
160003746,37_2155,37,1,37.99,37.99,2016-01-01
160003747,37_21985,37,1,9.95,9.95,2016-01-01
160003748,37_2436,37,1,14.99,14.99,2016-01-01
160003749,37_27461,37,2,8.99,17.98,2016-01-01
160003750,37_2760,37,1,36.99,36.99,2016-01-01
160003751,37_27808,37,4,7.99,31.96,2016-01-01
160003752,37_28947,37,1,8.99,8.99,2016-01-01
160003753,37_3154,37,1,9.99,9.99,2016-01-01
160003754,37_3180,37,1,16.99,16.99,2016-01-01
160003755,37_32648,37,1,7.99,7.99,2016-01-01
160003756,37_3513,37,1,24.99,24.99,2016-01-01
160003757,37_3545,37,2,31.99,63.98,2016-01-01
160003758,37_3595,37,1,15.99,15.99,2016-01-01
160003759,37_3606,37,8,0.99,7.92,2016-01-01
160003760,37_3726,37,1,4.99,4.99,2016-01-01
160003761,37_3769,37,2,8.99,17.98,2016-01-01
160003762,37_3804,37,1,9.99,9.99,2016-01-01
160003763,37_3818,37,1,29.99,29.99,2016-01-01
160003764,37_3827,37,1,12.99,12.99,2016-01-01
160003765,37_3836,37,1,12.99,12.99,2016-01-01
160003766,37_3837,37,6,0.99,5.94,2016-01-01
160003767,37_3840,37,1,17.99,17.99,2016-01-01
160003768,37_38502,37,2,6.99,13.98,2016-01-01
160003769,37_38546,37,1,8.99,8.99,2016-01-01
160003770,37_3876,37,1,17.99,17.99,2016-01-01
160003771,37_38850,37,1,7.99,7.99,2016-01-01
160003772,37_3893,37,3,9.99,29.97,2016-01-01
160003773,37_3896,37,2,3.29,6.58,2016-01-01
160003774,37_39593,37,1,9.99,9.99,2016-01-01
160003775,37_3982,37,1,19.99,19.99,2016-01-01
160003776,37_3987,37,2,10.99,21.98,2016-01-01
160003777,37_3997,37,1,19.99,19.99,2016-01-01
160003778,37_4153,37,1,11.99,11.99,2016-01-01
160003779,37_4241,37,9,1.99,17.91,2016-01-01
160003780,37_4249,37,1,12.99,12.99,2016-01-01
160003781,37_4261,37,1,21.99,21.99,2016-01-01
160003782,37_4264,37,2,14.99,29.98,2016-01-01
160003783,37_4291,37,1,12.99,12.99,2016-01-01
160003784,37_4296,37,1,11.99,11.99,2016-01-01
160003785,37_4363,37,1,32.99,32.99,2016-01-01
160003786,37_44511,37,2,13.95,27.90,2016-01-01
160003787,37_4798,37,4,1.99,7.96,2016-01-01
160003788,37_4806,37,1,14.99,14.99,2016-01-01
160003789,37_5219,37,2,19.99,39.98,2016-01-01
160003790,37_5251,37,3,0.99,2.97,2016-01-01
160003791,37_5270,37,1,1.99,1.99,2016-01-01
160003792,37_5299,37,6,19.99,119.94,2016-01-01
160003793,37_5391,37,1,15.99,15.99,2016-01-01
160003794,37_5399,37,3,1.99,5.97,2016-01-01
160003795,37_5491,37,5,1.99,9.95,2016-01-01
160003796,37_5539,37,1,10.99,10.99,2016-01-01
160003797,37_5872,37,2,2.99,5.98,2016-01-01
160003798,37_6216,37,1,7.99,7.99,2016-01-01
160003799,37_6682,37,3,8.99,26.97,2016-01-01
160003800,37_6688,37,2,9.99,19.98,2016-01-01
160003801,37_6938,37,6,6.99,41.94,2016-01-01
160003802,37_7715,37,4,4.49,17.96,2016-01-01
160003803,37_8023,37,2,4.49,8.98,2016-01-01
160003804,37_8053,37,4,0.99,3.96,2016-01-01
160003805,37_8064,37,7,0.99,6.93,2016-01-01
160003806,37_8092,37,1,2.29,2.29,2016-01-01
160003807,37_8101,37,5,1.99,9.95,2016-01-01
160003808,37_8111,37,3,0.99,2.97,2016-01-01
160003809,37_8155,37,2,4.99,9.98,2016-01-01
160003810,37_8166,37,1,19.99,19.99,2016-01-01
160003811,37_8171,37,1,0.99,0.99,2016-01-01
160003812,37_8200,37,2,2.99,5.98,2016-01-01
160003813,37_8203,37,2,2.99,5.98,2016-01-01
160003814,37_8214,37,1,9.99,9.99,2016-01-01
160003815,37_8288,37,4,11.99,47.96,2016-01-01
160003816,37_8441,37,1,12.49,12.49,2016-01-01
160003817,37_8513,37,1,8.99,8.99,2016-01-01
160003818,37_8671,37,1,19.99,19.99,2016-01-01
160003819,37_8726,37,2,1.99,3.98,2016-01-01
160003820,37_8788,37,2,1.99,3.98,2016-01-01
160003821,38_1001,38,1,5.99,5.99,2016-01-01
160003822,38_11460,38,1,39.99,39.99,2016-01-01
160003823,38_1232,38,1,26.99,26.99,2016-01-01
160003824,38_1233,38,1,35.99,35.99,2016-01-01
160003825,38_1385,38,1,26.99,26.99,2016-01-01
160003826,38_15889,38,1,8.99,8.99,2016-01-01
160003827,38_1623,38,1,12.99,12.99,2016-01-01
160003828,38_16289,38,1,7.99,7.99,2016-01-01
160003829,38_2015,38,1,26.99,26.99,2016-01-01
160003830,38_2117,38,1,8.99,8.99,2016-01-01
160003831,38_2120,38,1,15.99,15.99,2016-01-01
160003832,38_2121,38,1,10.99,10.99,2016-01-01
160003833,38_24455,38,2,16.98,33.96,2016-01-01
160003834,38_26551,38,1,21.99,21.99,2016-01-01
160003835,38_2752,38,1,34.99,34.99,2016-01-01
160003836,38_27835,38,1,15.99,15.99,2016-01-01
160003837,38_27854,38,1,16.99,16.99,2016-01-01
160003838,38_3104,38,1,10.99,10.99,2016-01-01
160003839,38_31488,38,1,4.99,4.99,2016-01-01
160003840,38_3180,38,1,16.99,16.99,2016-01-01
160003841,38_3221,38,1,9.99,9.99,2016-01-01
160003842,38_3257,38,1,6.99,6.99,2016-01-01
160003843,38_32648,38,1,7.99,7.99,2016-01-01
160003844,38_3351,38,2,16.99,33.98,2016-01-01
160003845,38_3452,38,1,6.99,6.99,2016-01-01
160003846,38_3488,38,1,19.99,19.99,2016-01-01
160003847,38_34903,38,1,7.99,7.99,2016-01-01
160003848,38_3512,38,1,15.99,15.99,2016-01-01
160003849,38_3515,38,1,19.99,19.99,2016-01-01
160003850,38_3746,38,1,12.99,12.99,2016-01-01
160003851,38_3769,38,1,8.99,8.99,2016-01-01
160003852,38_38457,38,1,7.99,7.99,2016-01-01
160003853,38_3876,38,2,17.99,35.98,2016-01-01
160003854,38_3878,38,1,12.99,12.99,2016-01-01
160003855,38_3879,38,1,10.99,10.99,2016-01-01
160003856,38_3893,38,2,9.99,19.98,2016-01-01
160003857,38_3894,38,1,11.99,11.99,2016-01-01
160003858,38_39412,38,1,9.99,9.99,2016-01-01
160003859,38_3982,38,1,19.99,19.99,2016-01-01
160003860,38_3997,38,1,19.99,19.99,2016-01-01
160003861,38_40337,38,1,9.99,9.99,2016-01-01
160003862,38_4064,38,1,12.99,12.99,2016-01-01
160003863,38_41254,38,1,11.99,11.99,2016-01-01
160003864,38_4157,38,2,0.99,1.98,2016-01-01
160003865,38_42122,38,1,9.99,9.99,2016-01-01
160003866,38_4261,38,2,21.99,43.98,2016-01-01
160003867,38_4265,38,1,10.99,10.99,2016-01-01
160003868,38_4296,38,1,11.99,11.99,2016-01-01
160003869,38_44037,38,1,4.99,4.99,2016-01-01
160003870,38_4502,38,1,21.99,21.99,2016-01-01
160003871,38_4679,38,1,11.99,11.99,2016-01-01
160003872,38_4787,38,1,19.99,19.99,2016-01-01
160003873,38_4806,38,1,14.99,14.99,2016-01-01
160003874,38_4868,38,1,0.99,0.99,2016-01-01
160003875,38_497,38,1,19.99,19.99,2016-01-01
160003876,38_5031,38,1,14.99,14.99,2016-01-01
160003877,38_5195,38,1,5.99,5.99,2016-01-01
160003878,38_5197,38,1,7.99,7.99,2016-01-01
160003879,38_5270,38,2,1.99,3.98,2016-01-01
160003880,38_5276,38,1,5.99,5.99,2016-01-01
160003881,38_5399,38,2,1.99,3.98,2016-01-01
160003882,38_5457,38,5,1.99,9.95,2016-01-01
160003883,38_567,38,1,28.99,28.99,2016-01-01
160003884,38_5680,38,3,1.99,5.97,2016-01-01
160003885,38_5725,38,1,9.99,9.99,2016-01-01
160003886,38_5815,38,1,21.99,21.99,2016-01-01
160003887,38_5826,38,1,8.99,8.99,2016-01-01
160003888,38_597,38,1,27.99,27.99,2016-01-01
160003889,38_6455,38,1,8.95,8.95,2016-01-01
160003890,38_6553,38,1,11.99,11.99,2016-01-01
160003891,38_6570,38,3,9.95,29.85,2016-01-01
160003892,38_6960,38,1,6.99,6.99,2016-01-01
160003893,38_7261,38,1,5.49,5.49,2016-01-01
160003894,38_8023,38,1,4.49,4.49,2016-01-01
160003895,38_807,38,1,17.99,17.99,2016-01-01
160003896,38_811,38,1,27.99,27.99,2016-01-01
160003897,38_8111,38,5,0.99,4.95,2016-01-01
160003898,38_8112,38,1,24.99,24.99,2016-01-01
160003899,38_8151,38,2,0.99,1.98,2016-01-01
160003900,38_8202,38,1,17.99,17.99,2016-01-01
160003901,38_8231,38,2,12.99,25.98,2016-01-01
160003902,38_8497,38,1,9.99,9.99,2016-01-01
160003903,38_8513,38,1,8.99,8.99,2016-01-01
160003904,38_8526,38,2,27.99,55.98,2016-01-01
160003905,38_8537,38,4,13.99,55.96,2016-01-01
160003906,38_854,38,1,15.99,15.99,2016-01-01
160003907,38_8620,38,1,11.99,11.99,2016-01-01
160003908,38_874,38,2,8.99,17.98,2016-01-01
160003909,38_875,38,1,8.99,8.99,2016-01-01
160003910,38_876,38,1,8.99,8.99,2016-01-01
160003911,38_895,38,1,23.99,23.99,2016-01-01
160003912,40_12147,40,1,8.99,8.99,2016-01-01
160003913,40_1232,40,1,26.99,26.99,2016-01-01
160003914,40_1258,40,1,22.99,22.99,2016-01-01
160003915,40_1376,40,2,21.99,43.98,2016-01-01
160003916,40_1379,40,1,16.49,16.49,2016-01-01
160003917,40_1385,40,2,26.99,53.98,2016-01-01
160003918,40_15428,40,1,11.99,11.99,2016-01-01
160003919,40_1550,40,1,3.99,3.99,2016-01-01
160003920,40_16261,40,1,12.99,12.99,2016-01-01
160003921,40_178,40,1,26.99,26.99,2016-01-01
160003922,40_1867,40,2,2.99,5.98,2016-01-01
160003923,40_1883,40,1,17.99,17.99,2016-01-01
160003924,40_1892,40,6,0.99,5.94,2016-01-01
160003925,40_19656,40,1,8.99,8.99,2016-01-01
160003926,40_2015,40,1,26.99,26.99,2016-01-01
160003927,40_2100,40,1,9.99,9.99,2016-01-01
160003928,40_2432,40,1,21.99,21.99,2016-01-01
160003929,40_2690,40,1,9.99,9.99,2016-01-01
160003930,40_2704,40,2,0.99,1.98,2016-01-01
160003931,40_2757,40,7,29.99,209.93,2016-01-01
160003932,40_3180,40,7,16.99,118.93,2016-01-01
160003933,40_32907,40,1,8.99,8.99,2016-01-01
160003934,40_32915,40,1,14.99,14.99,2016-01-01
160003935,40_3356,40,1,6.99,6.99,2016-01-01
160003936,40_3427,40,1,24.99,24.99,2016-01-01
160003937,40_3489,40,1,27.99,27.99,2016-01-01
160003938,40_3511,40,1,9.99,9.99,2016-01-01
160003939,40_3513,40,1,24.99,24.99,2016-01-01
160003940,40_3560,40,1,15.49,15.49,2016-01-01
160003941,40_3682,40,1,22.99,22.99,2016-01-01
160003942,40_37156,40,1,5.99,5.99,2016-01-01
160003943,40_3746,40,2,12.99,25.98,2016-01-01
160003944,40_376,40,1,28.99,28.99,2016-01-01
160003945,40_3769,40,1,8.99,8.99,2016-01-01
160003946,40_3837,40,3,0.99,2.97,2016-01-01
160003947,40_38546,40,2,8.99,17.98,2016-01-01
160003948,40_3893,40,1,9.99,9.99,2016-01-01
160003949,40_3913,40,1,17.99,17.99,2016-01-01
160003950,40_40097,40,1,18.99,18.99,2016-01-01
160003951,40_41033,40,1,8.99,8.99,2016-01-01
160003952,40_41751,40,3,8.99,26.97,2016-01-01
160003953,40_4195,40,1,10.99,10.99,2016-01-01
160003954,40_42422,40,2,12.99,25.98,2016-01-01
160003955,40_4261,40,1,21.99,21.99,2016-01-01
160003956,40_4268,40,1,22.99,22.99,2016-01-01
160003957,40_4282,40,1,12.99,12.99,2016-01-01
160003958,40_4380,40,1,13.99,13.99,2016-01-01
160003959,40_43809,40,1,8.99,8.99,2016-01-01
160003960,40_4429,40,1,21.99,21.99,2016-01-01
160003961,40_4437,40,1,33.99,33.99,2016-01-01
160003962,40_44452,40,1,10.99,10.99,2016-01-01
160003963,40_5096,40,1,10.99,10.99,2016-01-01
160003964,40_5292,40,1,17.99,17.99,2016-01-01
160003965,40_5399,40,2,1.99,3.98,2016-01-01
160003966,40_5404,40,1,5.49,5.49,2016-01-01
160003967,40_5457,40,1,1.99,1.99,2016-01-01
160003968,40_5491,40,1,1.99,1.99,2016-01-01
160003969,40_6285,40,1,9.99,9.99,2016-01-01
160003970,40_6565,40,1,8.99,8.99,2016-01-01
160003971,40_6575,40,1,9.99,9.99,2016-01-01
160003972,40_6958,40,1,7.99,7.99,2016-01-01
160003973,40_7340,40,1,18.99,18.99,2016-01-01
160003974,40_8101,40,3,1.99,5.97,2016-01-01
160003975,40_8111,40,6,0.99,5.94,2016-01-01
160003976,40_8171,40,1,0.99,0.99,2016-01-01
160003977,40_8236,40,2,1.49,2.98,2016-01-01
160003978,40_8497,40,1,9.99,9.99,2016-01-01
160003979,40_8513,40,2,8.99,17.98,2016-01-01
160003980,40_8517,40,1,18.99,18.99,2016-01-01
160003981,40_8562,40,1,14.99,14.99,2016-01-01
160003982,40_8619,40,1,5.99,5.99,2016-01-01
160003983,40_8726,40,1,1.99,1.99,2016-01-01
160003984,40_8893,40,1,16.99,16.99,2016-01-01
160003985,41_1001,41,2,5.99,11.98,2016-01-01
160003986,41_10058,41,1,14.99,14.99,2016-01-01
160003987,41_10957,41,1,8.99,8.99,2016-01-01
160003988,41_11067,41,1,11.95,11.95,2016-01-01
160003989,41_1158,41,1,6.99,6.99,2016-01-01
160003990,41_12212,41,1,18.99,18.99,2016-01-01
160003991,41_1231,41,1,12.99,12.99,2016-01-01
160003992,41_1233,41,1,35.99,35.99,2016-01-01
160003993,41_1239,41,1,50.99,50.99,2016-01-01
160003994,41_12479,41,1,11.99,11.99,2016-01-01
160003995,41_12771,41,1,12.99,12.99,2016-01-01
160003996,41_1345,41,1,37.99,37.99,2016-01-01
160003997,41_1348,41,2,15.99,31.98,2016-01-01
160003998,41_1366,41,28,1.29,36.12,2016-01-01
160003999,41_13708,41,2,17.99,35.98,2016-01-01
160004000,41_1375,41,1,16.49,16.49,2016-01-01
160004001,41_1376,41,1,21.99,21.99,2016-01-01
160004002,41_1385,41,3,26.99,80.97,2016-01-01
160004003,41_14006,41,1,9.99,9.99,2016-01-01
160004004,41_1424,41,1,12.99,12.99,2016-01-01
160004005,41_14622,41,1,12.99,12.99,2016-01-01
160004006,41_15105,41,2,9.95,19.90,2016-01-01
160004007,41_15428,41,2,11.99,23.98,2016-01-01
160004008,41_1545,41,1,26.99,26.99,2016-01-01
160004009,41_15979,41,1,12.99,12.99,2016-01-01
160004010,41_15980,41,1,12.99,12.99,2016-01-01
160004011,41_16262,41,3,11.99,35.97,2016-01-01
160004012,41_16327,41,1,3.99,3.99,2016-01-01
160004013,41_16670,41,1,11.99,11.99,2016-01-01
160004014,41_16837,41,1,5.99,5.99,2016-01-01
160004015,41_17707,41,3,9.99,29.97,2016-01-01
160004016,41_1789,41,2,25.99,51.98,2016-01-01
160004017,41_1869,41,1,57.99,57.99,2016-01-01
160004018,41_1892,41,3,0.99,2.97,2016-01-01
160004019,41_19458,41,1,7.99,7.99,2016-01-01
160004020,41_19748,41,10,15.99,159.90,2016-01-01
160004021,41_19848,41,4,9.99,39.96,2016-01-01
160004022,41_19962,41,1,14.99,14.99,2016-01-01
160004023,41_2015,41,1,26.99,26.99,2016-01-01
160004024,41_20446,41,1,9.99,9.99,2016-01-01
160004025,41_2114,41,1,12.99,12.99,2016-01-01
160004026,41_2120,41,1,15.99,15.99,2016-01-01
160004027,41_21208,41,1,15.99,15.99,2016-01-01
160004028,41_22143,41,1,18.99,18.99,2016-01-01
160004029,41_2241,41,1,25.99,25.99,2016-01-01
160004030,41_22584,41,1,17.99,17.99,2016-01-01
160004031,41_2287,41,6,39.99,239.94,2016-01-01
160004032,41_22899,41,1,14.99,14.99,2016-01-01
160004033,41_23355,41,1,14.99,14.99,2016-01-01
160004034,41_2418,41,2,21.99,43.98,2016-01-01
160004035,41_2432,41,1,21.99,21.99,2016-01-01
160004036,41_24327,41,9,19.99,179.91,2016-01-01
160004037,41_24455,41,2,16.98,33.96,2016-01-01
160004038,41_24456,41,1,11.98,11.98,2016-01-01
160004039,41_25522,41,2,5.99,11.98,2016-01-01
160004040,41_26948,41,2,19.99,39.98,2016-01-01
160004041,41_26949,41,3,22.99,68.97,2016-01-01
160004042,41_2704,41,2,0.99,1.98,2016-01-01
160004043,41_2723,41,2,29.99,59.98,2016-01-01
160004044,41_2752,41,1,34.99,34.99,2016-01-01
160004045,41_2757,41,1,29.99,29.99,2016-01-01
160004046,41_27831,41,1,10.99,10.99,2016-01-01
160004047,41_27854,41,1,16.99,16.99,2016-01-01
160004048,41_28258,41,1,7.99,7.99,2016-01-01
160004049,41_28262,41,3,7.99,23.97,2016-01-01
160004050,41_2862,41,1,35.99,35.99,2016-01-01
160004051,41_28736,41,1,5.99,5.99,2016-01-01
160004052,41_28947,41,3,8.99,26.97,2016-01-01
160004053,41_3012,41,4,0.99,3.96,2016-01-01
160004054,41_3039,41,1,16.99,16.99,2016-01-01
160004055,41_3147,41,1,0.99,0.99,2016-01-01
160004056,41_31487,41,1,7.99,7.99,2016-01-01
160004057,41_31488,41,2,4.99,9.98,2016-01-01
160004058,41_3150,41,2,10.99,21.98,2016-01-01
160004059,41_31909,41,1,19.99,19.99,2016-01-01
160004060,41_31971,41,2,8.99,17.98,2016-01-01
160004061,41_32592,41,2,16.99,33.98,2016-01-01
160004062,41_32649,41,1,9.99,9.99,2016-01-01
160004063,41_32650,41,1,8.99,8.99,2016-01-01
160004064,41_3310,41,1,5.99,5.99,2016-01-01
160004065,41_33348,41,1,10.99,10.99,2016-01-01
160004066,41_3373,41,2,18.99,37.98,2016-01-01
160004067,41_33873,41,1,6.49,6.49,2016-01-01
160004068,41_34134,41,2,9.99,19.98,2016-01-01
160004069,41_34428,41,1,15.99,15.99,2016-01-01
160004070,41_34431,41,1,15.99,15.99,2016-01-01
160004071,41_34439,41,1,15.99,15.99,2016-01-01
160004072,41_3488,41,1,19.99,19.99,2016-01-01
160004073,41_3489,41,2,27.99,55.98,2016-01-01
160004074,41_3511,41,1,9.99,9.99,2016-01-01
160004075,41_3545,41,4,31.99,127.96,2016-01-01
160004076,41_3549,41,4,22.99,91.96,2016-01-01
160004077,41_35578,41,2,9.99,19.98,2016-01-01
160004078,41_35914,41,2,8.99,17.98,2016-01-01
160004079,41_3606,41,1,0.99,0.99,2016-01-01
160004080,41_3608,41,1,0.99,0.99,2016-01-01
160004081,41_366,41,1,21.99,21.99,2016-01-01
160004082,41_3694,41,2,16.99,33.98,2016-01-01
160004083,41_3696,41,1,10.49,10.49,2016-01-01
160004084,41_37235,41,1,11.99,11.99,2016-01-01
160004085,41_37401,41,12,7.99,95.88,2016-01-01
160004086,41_3769,41,3,8.99,26.97,2016-01-01
160004087,41_38179,41,2,5.99,11.98,2016-01-01
160004088,41_3837,41,14,0.99,13.86,2016-01-01
160004089,41_38502,41,2,6.99,13.98,2016-01-01
160004090,41_38546,41,2,8.99,17.98,2016-01-01
160004091,41_3859,41,1,8.99,8.99,2016-01-01
160004092,41_3879,41,1,10.99,10.99,2016-01-01
160004093,41_38822,41,1,11.99,11.99,2016-01-01
160004094,41_38850,41,1,7.99,7.99,2016-01-01
160004095,41_38888,41,1,27.99,27.99,2016-01-01
160004096,41_3894,41,1,11.99,11.99,2016-01-01
160004097,41_3896,41,1,3.29,3.29,2016-01-01
160004098,41_3913,41,1,17.99,17.99,2016-01-01
160004099,41_3921,41,1,23.99,23.99,2016-01-01
160004100,41_39254,41,1,10.99,10.99,2016-01-01
160004101,41_39348,41,1,10.99,10.99,2016-01-01
160004102,41_39479,41,1,7.99,7.99,2016-01-01
160004103,41_3951,41,1,2.49,2.49,2016-01-01
160004104,41_40097,41,1,18.99,18.99,2016-01-01
160004105,41_40332,41,1,13.49,13.49,2016-01-01
160004106,41_40425,41,2,9.95,19.90,2016-01-01
160004107,41_40545,41,1,14.99,14.99,2016-01-01
160004108,41_41034,41,5,7.95,39.75,2016-01-01
160004109,41_41072,41,1,11.99,11.99,2016-01-01
160004110,41_41253,41,1,11.99,11.99,2016-01-01
160004111,41_41546,41,2,7.99,15.98,2016-01-01
160004112,41_41751,41,2,8.99,17.98,2016-01-01
160004113,41_41787,41,1,30.99,30.99,2016-01-01
160004114,41_42422,41,4,12.99,51.96,2016-01-01
160004115,41_42602,41,3,8.99,26.97,2016-01-01
160004116,41_4261,41,6,21.99,131.94,2016-01-01
160004117,41_4265,41,1,10.99,10.99,2016-01-01
160004118,41_43223,41,3,8.95,26.85,2016-01-01
160004119,41_4345,41,1,19.99,19.99,2016-01-01
160004120,41_43809,41,1,8.99,8.99,2016-01-01
160004121,41_44712,41,2,20.99,41.98,2016-01-01
160004122,41_4478,41,1,17.99,17.99,2016-01-01
160004123,41_45460,41,1,12.99,12.99,2016-01-01
160004124,41_4798,41,2,1.99,3.98,2016-01-01
160004125,41_4897,41,1,4.49,4.49,2016-01-01
160004126,41_5254,41,1,10.99,10.99,2016-01-01
160004127,41_5292,41,1,17.99,17.99,2016-01-01
160004128,41_5342,41,2,26.99,53.98,2016-01-01
160004129,41_5391,41,1,15.99,15.99,2016-01-01
160004130,41_5399,41,1,1.99,1.99,2016-01-01
160004131,41_5438,41,2,9.99,19.98,2016-01-01
160004132,41_5489,41,1,10.99,10.99,2016-01-01
160004133,41_5491,41,1,1.99,1.99,2016-01-01
160004134,41_5630,41,2,17.99,35.98,2016-01-01
160004135,41_5725,41,1,9.99,9.99,2016-01-01
160004136,41_5872,41,4,2.99,11.96,2016-01-01
160004137,41_5890,41,1,21.99,21.99,2016-01-01
160004138,41_599,41,1,22.99,22.99,2016-01-01
160004139,41_6162,41,2,21.99,43.98,2016-01-01
160004140,41_6234,41,1,10.99,10.99,2016-01-01
160004141,41_6278,41,2,10.95,21.90,2016-01-01
160004142,41_6351,41,1,16.99,16.99,2016-01-01
160004143,41_6438,41,2,5.99,11.98,2016-01-01
160004144,41_6455,41,1,8.95,8.95,2016-01-01
160004145,41_6530,41,1,7.99,7.99,2016-01-01
160004146,41_6565,41,3,8.99,26.97,2016-01-01
160004147,41_6570,41,12,9.95,119.40,2016-01-01
160004148,41_6649,41,1,11.99,11.99,2016-01-01
160004149,41_6650,41,1,14.99,14.99,2016-01-01
160004150,41_6654,41,2,39.99,79.98,2016-01-01
160004151,41_6682,41,7,8.99,62.93,2016-01-01
160004152,41_6692,41,1,11.99,11.99,2016-01-01
160004153,41_6748,41,2,5.99,11.98,2016-01-01
160004154,41_6824,41,1,14.99,14.99,2016-01-01
160004155,41_6879,41,1,0.99,0.99,2016-01-01
160004156,41_6960,41,1,6.99,6.99,2016-01-01
160004157,41_6984,41,2,16.99,33.98,2016-01-01
160004158,41_7715,41,1,4.49,4.49,2016-01-01
160004159,41_7718,41,1,5.49,5.49,2016-01-01
160004160,41_782,41,5,44.99,224.95,2016-01-01
160004161,41_7865,41,1,34.99,34.99,2016-01-01
160004162,41_8023,41,3,4.49,13.47,2016-01-01
160004163,41_8033,41,3,2.99,8.97,2016-01-01
160004164,41_8082,41,2,29.99,59.98,2016-01-01
160004165,41_8107,41,1,34.99,34.99,2016-01-01
160004166,41_8111,41,1,0.99,0.99,2016-01-01
160004167,41_8172,41,5,0.99,4.95,2016-01-01
160004168,41_8187,41,1,16.99,16.99,2016-01-01
160004169,41_8202,41,1,17.99,17.99,2016-01-01
160004170,41_8205,41,2,1.99,3.98,2016-01-01
160004171,41_8236,41,4,1.49,5.96,2016-01-01
160004172,41_8288,41,5,11.99,59.95,2016-01-01
160004173,41_8342,41,1,11.99,11.99,2016-01-01
160004174,41_8441,41,1,12.49,12.49,2016-01-01
160004175,41_8467,41,2,0.99,1.98,2016-01-01
160004176,41_8497,41,1,9.99,9.99,2016-01-01
160004177,41_8498,41,2,8.99,17.98,2016-01-01
160004178,41_8504,41,4,8.99,35.96,2016-01-01
160004179,41_8512,41,3,18.99,56.97,2016-01-01
160004180,41_8537,41,1,13.99,13.99,2016-01-01
160004181,41_8612,41,1,67.99,67.99,2016-01-01
160004182,41_8622,41,1,134.99,134.99,2016-01-01
160004183,41_8628,41,1,8.99,8.99,2016-01-01
160004184,41_8673,41,2,10.99,21.98,2016-01-01
160004185,41_8674,41,1,8.99,8.99,2016-01-01
160004186,41_8726,41,4,1.99,7.96,2016-01-01
160004187,41_8910,41,1,0.99,0.99,2016-01-01
160004188,41_8921,41,2,16.95,33.90,2016-01-01
160004189,42_10421,42,1,10.99,10.99,2016-01-01
160004190,42_1231,42,1,12.99,12.99,2016-01-01
160004191,42_1233,42,1,35.99,35.99,2016-01-01
160004192,42_1244,42,1,15.99,15.99,2016-01-01
160004193,42_12479,42,3,11.99,35.97,2016-01-01
160004194,42_1346,42,1,29.99,29.99,2016-01-01
160004195,42_1359,42,1,27.99,27.99,2016-01-01
160004196,42_1365,42,1,7.99,7.99,2016-01-01
160004197,42_1366,42,3,1.29,3.87,2016-01-01
160004198,42_1373,42,3,13.99,41.97,2016-01-01
160004199,42_1376,42,1,21.99,21.99,2016-01-01
160004200,42_1378,42,1,9.49,9.49,2016-01-01
160004201,42_1379,42,1,16.49,16.49,2016-01-01
160004202,42_14006,42,1,9.99,9.99,2016-01-01
160004203,42_14439,42,2,4.99,9.98,2016-01-01
160004204,42_1535,42,3,3.99,11.97,2016-01-01
160004205,42_1550,42,6,3.99,23.94,2016-01-01
160004206,42_16843,42,2,4.99,9.98,2016-01-01
160004207,42_171,42,1,49.99,49.99,2016-01-01
160004208,42_1867,42,1,2.99,2.99,2016-01-01
160004209,42_1886,42,1,10.99,10.99,2016-01-01
160004210,42_1892,42,10,0.99,9.90,2016-01-01
160004211,42_19748,42,1,15.99,15.99,2016-01-01
160004212,42_20533,42,2,12.99,25.98,2016-01-01
